molecule_chembl_id,canonical_smiles,standard_value,class
CHEMBL2402207,COc1ccc(S(=O)(=O)Nc2ccc(NS(=O)(=O)c3ccc(OC)cc3)c3ccccc23)cc1,2700,intermediate
CHEMBL2402206,Cc1ccc(S(=O)(=O)c2cnc(SCC(=O)Nc3ccccc3C(F)(F)F)[nH]c2=O)c(C)c1,118000,inactive
CHEMBL2402205,CC(C)C[C@H](NC(=O)[C@H](Cc1ccccc1)NC(=O)[C@H](CCC(=O)O)NC(=O)CNC(=O)[C@@H](NC(=O)[C@H](CCC(=O)O)NC(=O)[C@H](CCC(=O)O)NC(=O)[C@H](CC(=O)O)NC(=O)[C@H](CC(C)C)NC(=O)[C@H](CCC(N)=O)NC(=O)[C@H](CC(C)C)NC(=O)[C@H](CCC(N)=O)NC(=O)[C@H](C)NC(=O)[C@H](Cc1ccccc1)NC(=O)[C@H](Cc1ccccc1)NC(=O)[C@H](C)N)[C@@H](C)O)C(=O)O,33,active
CHEMBL3237245,COc1ccc(S(=O)(=O)N(CC(=O)O)c2ccc(N(CC(=O)O)S(=O)(=O)c3ccc(OC)cc3)c3ccccc23)cc1,20,active
CHEMBL3632699,COc1cccc(S(=O)(=O)Nc2ccc(NS(=O)(=O)c3cccc(OC)c3)c3ccccc23)c1,2300,intermediate
CHEMBL3632707,CCOC(=O)CN(c1ccc(N(CC(=O)OCC)S(=O)(=O)c2ccc(OC)cc2)c2ccccc12)S(=O)(=O)c1ccc(OC)cc1,250000,inactive
CHEMBL3632711,COc1ccc(S(=O)(=O)N(CC(N)=O)c2ccc(N(CC(N)=O)S(=O)(=O)c3ccc(OC)cc3)c3ccccc23)cc1,44,active
CHEMBL3632882,CCOC(=O)CN(c1ccc(NS(=O)(=O)c2ccc(OC)cc2)c2ccccc12)S(=O)(=O)c1ccc(OC)cc1,400,active
CHEMBL3617852,COc1ccc(S(=O)(=O)Nc2ccc(N(CC(=O)O)S(=O)(=O)c3ccc(OC)cc3)c3ccccc23)cc1,110,active
CHEMBL3818085,CN(Cc1cc([C@H](CC(=O)O)c2ccc3c(c2)nnn3C)ccc1Cl)S(=O)(=O)c1ccccc1,270,active
CHEMBL3819169,CN(Cc1cc(C(CC(=O)O)c2ccc3c(c2)nnn3C)ccc1Cl)S(C)(=O)=O,3400,intermediate
CHEMBL3819386,Cn1nnc2cc(C(CC(=O)O)c3ccc(Cl)cc3)ccc21,61000,inactive
CHEMBL3819037,O=C(O)CCc1ccc(Cl)cc1,1000000,inactive
CHEMBL3827061,Cc1nc(-c2ccccc2)sc1S(=O)(=O)Nc1ccc(N2CC[C@@H](C(=O)O)C2)c2ccccc12,400,active
CHEMBL3827496,Cc1cc(C)c(C)c(S(=O)(=O)Nc2ccc(N3CC[C@@H](C(=O)O)C3)c3ncccc23)c1C,700,active
CHEMBL3826983,COc1cc(C)ccc1S(=O)(=O)Nc1ccc(N2CC[C@@H](C(=O)O)C2)c2ccccc12,5400,intermediate
CHEMBL3827630,Cc1c(S(=O)(=O)Nc2ccc(N3CC[C@@H](C(=O)O)C3)c3ccccc23)sc2ccc(Cl)cc12,200,active
CHEMBL3827626,Cc1cc(C)c(C)c(S(=O)(=O)Nc2ccc(N3CC[C@@H](C(=O)O)C3)c3ccccc23)c1C,100,active
CHEMBL3827019,Cc1cc(C)c(C)c(S(=O)(=O)Nc2ccc(N3CCC(C(=O)O)C3)c3ccccc23)c1C,200,active
CHEMBL3913014,CC(=O)N[C@H]1CSSC[C@@H](C(=O)O)NC(=O)[C@H](CC(C)C)NC(=O)[C@H](Cc2ccc(O)cc2)NC(=O)[C@H](CCC(=O)O)NC(=O)CNC(=O)[C@H]([C@@H](C)O)NC(=O)[C@H](CCC(=O)O)NC(=O)[C@@H]2CCCN2C(=O)[C@H](CC(=O)O)NC(=O)[C@H](CC(C)C)NC1=O,9.45,active
CHEMBL3982888,CC(=O)N[C@@H](CC(C)C)C(=O)N[C@@H](CC(=O)O)C(=O)N1CCC[C@H]1C(=O)N[C@@H](CCC(=O)O)C(=O)N[C@H](C(=O)NCC(=O)N[C@@H](CCC(=O)O)C(=O)N[C@@H](Cc1ccc(O)cc1)C(=O)N[C@@H](CC(C)C)C(=O)O)[C@@H](C)O,29.6,active
CHEMBL3928693,CC(=O)N[C@@H](CC(=O)O)C(=O)N1CCC[C@H]1C(=O)N[C@@H](CCC(=O)O)C(=O)N[C@H](C(=O)NCC(=O)N[C@@H](CCC(=O)O)C(=O)N[C@@H](CC(C)C)C(=O)O)[C@@H](C)O,115,active
CHEMBL3967367,CC(=O)N[C@@H](CC(=O)O)C(=O)N[C@@H](CCC(=O)O)C(=O)N[C@@H](CCC(=O)O)C(=O)N[C@H](C(=O)NCC(=O)N[C@@H](CCC(=O)O)C(=O)N[C@@H](Cc1ccccc1)C(=O)N[C@@H](CC(C)C)C(=O)O)[C@@H](C)O,5390,intermediate
CHEMBL3890847,Cc1cccc2c1CCN(C(=O)[C@@H]1CCCC[C@@H]1C(=O)O)[C@@H]2CN1Cc2ccccc2C1=O,750,active
CHEMBL3970907,CC(=O)N[C@@H](CC(=O)O)C(=O)N[C@@H](C)C(=O)N[C@@H](CCC(=O)O)C(=O)N[C@H](C(=O)NCC(=O)N[C@@H](CCC(=O)O)C(=O)N[C@@H](Cc1ccccc1)C(=O)O)[C@@H](C)O,730,active
CHEMBL3134422,CC(=O)N[C@@H](CC(C)C)C(=O)N[C@@H](CC(=O)O)C(=O)N[C@@H](CCC(=O)O)C(=O)N[C@@H](CCC(=O)O)C(=O)N[C@H](C(=O)NCC(=O)N[C@@H](CCC(=O)O)C(=O)N[C@@H](Cc1ccccc1)C(=O)N[C@@H](CC(C)C)C(N)=O)[C@@H](C)O,194,active
CHEMBL3975863,CC(C)C[C@H](NC(=O)[C@H](Cc1ccccc1)NC(=O)[C@H](CCC(=O)O)NC(=O)CNC(=O)[C@@H](NC(=O)[C@H](CCC(=O)O)NC(=O)[C@H](CCC(=O)O)NC(=O)[C@H](CC(=O)O)NC(=O)[C@@H](N)CC(C)C)[C@@H](C)O)C(N)=O,3570,intermediate
CHEMBL3965115,CC(=O)N[C@@H](CC(C)C)C(=O)N[C@@H](CC(=O)O)C(=O)N1CCC[C@H]1C(=O)N[C@@H](CCC(=O)O)C(=O)N[C@H](C(=O)NCC(=O)N[C@@H](CCC(=O)O)C(=O)N[C@@H](Cc1ccccc1)C(=O)N[C@@H](CC(C)C)C(=O)O)[C@@H](C)O,42.6,active
CHEMBL3908796,CC(=O)N[C@@H](CC(=O)O)C(=O)N1CCC[C@H]1C(=O)N[C@@H](CCC(=O)O)C(=O)N[C@H](C(=O)NCC(=O)N[C@@H](CCC(=O)O)C(=O)N[C@@H](Cc1ccccc1)C(=O)O)[C@@H](C)O,248,active
CHEMBL4077198,CCOc1ccc(S(=O)(=O)Nc2cc3c(C(=O)NO)c(C)n(S(=O)(=O)c4ccc(OCC)cc4)c3c3ccccc23)cc1,200,active
CHEMBL4083845,CCOc1ccc(S(=O)(=O)Nc2cc3c(C(=O)NN)c(C)n(S(=O)(=O)c4ccc(OCC)cc4)c3c3ccccc23)cc1,160,active
CHEMBL4062108,CNNC(=O)c1c(C)n(S(=O)(=O)c2ccc(OC)cc2)c2c1cc(NS(=O)(=O)c1ccc(OC)cc1)c1ccccc12,290,active
CHEMBL4091619,COc1ccc(S(=O)(=O)Nc2cc3c(C(=O)NNc4ccccc4)c(C)n(S(=O)(=O)c4ccc(OC)cc4)c3c3ccccc23)cc1,180,active
CHEMBL4070735,COc1ccc(S(=O)(=O)Nc2cc3c(C(=O)NNc4ccc([N+](=O)[O-])cc4)c(C)n(S(=O)(=O)c4ccc(OC)cc4)c3c3ccccc23)cc1,260,active
CHEMBL4099355,COc1ccc(NNC(=O)c2c(C)n(S(=O)(=O)c3ccc(OC)cc3)c3c2cc(NS(=O)(=O)c2ccc(OC)cc2)c2ccccc23)cc1,170,active
CHEMBL4159153,O=C(O)[C@H]1CCC[C@H]1C(=O)N1CCc2ccccc2[C@H]1CN1C(=O)c2ccccc2C1=O,2200,intermediate
CHEMBL4166378,O=C(O)[C@H]1CC[C@H]1C(=O)N1CCc2ccccc2[C@H]1CN1C(=O)c2ccccc2C1=O,8000,intermediate
CHEMBL4174294,O=C(O)[C@H]1C[C@H]1C(=O)N1CCc2ccccc2[C@H]1CN1C(=O)c2ccccc2C1=O,20800,inactive
CHEMBL4162919,O=C(O)[C@H]1CCNC[C@H]1C(=O)N1CCc2ccccc2[C@H]1CN1C(=O)c2ccccc2C1=O,69700,inactive
CHEMBL2381968,COc1ccc(S(=O)(=O)Nc2ccc(N3CCC[C@H]3C(=O)O)c3ccccc23)cc1,1100,intermediate
CHEMBL4159561,O=C(O)[C@H]1CCCC[C@H]1C(=O)N1CCc2ccccc2[C@H]1CN1C(=O)CCC1=O,1200,intermediate
CHEMBL4167472,O=C1c2ccccc2C(=O)N1C[C@@H]1c2ccccc2CCN1C(=O)[C@@H]1CCCC[C@@H]1c1nn[nH]n1,7400,intermediate
CHEMBL4167793,Cc1cccc2c1CCN(C(=O)[C@@H]1CCCC[C@@H]1C(=O)O)[C@@H]2CN1C(=O)c2ccccc2C1=O,750,active
CHEMBL4174405,CC(=O)NCC(=O)N[C@@H](CCC(N)=O)C(=O)N[C@@H](CC(C)C)C(=O)N[C@@H](CC(=O)O)C(=O)N1CCC[C@H]1C(=O)N[C@@H](CCC(=O)O)C(=O)N[C@H](C(=O)NCC(=O)N[C@@H](CCC(=O)O)C(=O)N[C@@H](Cc1ccccc1)C(=O)N[C@@H](CC(C)C)C(=O)O)[C@@H](C)O,63.15,active
CHEMBL4169002,CC(C)C[C@@H]1NC(=O)[C@H](Cc2ccccc2)NC(=O)[C@H](CCC(=O)O)NC(=O)CNC(=O)[C@H]([C@@H](C)O)NC(=O)[C@H](CCC(=O)O)NC(=O)[C@@H]2CCCN2C(=O)[C@H](CC(=O)O)NC(=O)[C@H](CC(C)C)NC(=O)[C@H](CCC(N)=O)NC(=O)CNC1=O,18.31,active
CHEMBL4175603,CCCC[C@@H]1CCCN1C(=O)c1cccc(-c2cccc(-n3ncc(C(=O)O)c3C3CC3)c2)c1,10,active
CHEMBL3899754,Cc1cc(C)c(C)c(S(=O)(=O)Nc2ccc(N3CC[C@H](C(=O)O)C3)c3ccccc23)c1C,140,active
CHEMBL4587621,CC(=O)Nc1ccc(S(=O)(=O)N(CC(=O)O)c2ccc(N3CCC[C@H]3C(=O)O)c3ccccc23)cc1,2770,intermediate
CHEMBL4474076,Cc1cc(C)c(S(=O)(=O)N(CC(=O)O)c2ccc(N3CCC[C@H]3C(=O)O)c3ccccc23)c(C)c1,15920,inactive
CHEMBL4471657,Cc1ccc(S(=O)(=O)N(CC(=O)O)c2ccc(N3CCC[C@H]3C(=O)O)c3ccccc23)cc1,7010,intermediate
CHEMBL4457780,COc1ccc(S(=O)(=O)Nc2ccc(N3CCC[C@@H]3C(=O)O)c3ccccc23)cc1,50000,inactive
CHEMBL4518400,COc1ccc(S(=O)(=O)N(CC(=O)O)c2ccc(N3CCC[C@@H]3C(=O)O)c3ccccc23)cc1,14790,inactive
CHEMBL4461055,COc1ccc(S(=O)(=O)Nc2ccc(N3CCC[C@H]3C(=O)O)c3ccccc23)cc1,18400,inactive
CHEMBL4588743,COc1ccc(S(=O)(=O)N(CC(=O)O)c2ccc(N3CCC[C@H]3C(=O)O)c3ccccc23)cc1,43,active
CHEMBL4455435,COc1ccc(S(=O)(=O)Nc2ccc(N[C@@H](Cc3c[nH]c4ccccc34)C(=O)O)c3ccccc23)cc1,50000,inactive
CHEMBL4462141,COc1ccc(S(=O)(=O)N(CC(=O)O)c2ccc(N[C@@H](Cc3c[nH]c4ccccc34)C(=O)O)c3ccccc23)cc1,590,active
CHEMBL4465581,COc1ccc(S(=O)(=O)Nc2ccc(N[C@@H](Cc3ccc(O)cc3)C(=O)O)c3ccccc23)cc1,50000,inactive
CHEMBL4450491,COc1ccc(S(=O)(=O)N(CC(=O)O)c2ccc(N[C@@H](Cc3ccc(O)cc3)C(=O)O)c3ccccc23)cc1,7260,intermediate
CHEMBL4438367,COc1ccc(S(=O)(=O)Nc2ccc(N[C@@H](Cc3ccccc3)C(=O)O)c3ccccc23)cc1,13760,inactive
CHEMBL4440603,COc1ccc(S(=O)(=O)N(CC(=O)O)c2ccc(N[C@@H](Cc3ccccc3)C(=O)O)c3ccccc23)cc1,300,active
CHEMBL4446724,COc1ccc(S(=O)(=O)Nc2ccc(N[C@@H](CCC(=O)O)C(=O)O)c3ccccc23)cc1,12370,inactive
CHEMBL4438752,COc1ccc(S(=O)(=O)N(CC(=O)O)c2ccc(N[C@@H](CCC(=O)O)C(=O)O)c3ccccc23)cc1,550,active
CHEMBL4439070,COc1ccc(S(=O)(=O)Nc2ccc(N[C@@H](CC(=O)O)C(=O)O)c3ccccc23)cc1,10100,inactive
CHEMBL4522423,COc1ccc(S(=O)(=O)N(CC(=O)O)c2ccc(N[C@@H](CC(=O)O)C(=O)O)c3ccccc23)cc1,450,active
CHEMBL4562295,COc1ccc(S(=O)(=O)Nc2ccc(N[C@@H](CO)C(=O)O)c3ccccc23)cc1,50000,inactive
CHEMBL4552364,COc1ccc(S(=O)(=O)N(CC(=O)O)c2ccc(N[C@@H](CO)C(=O)O)c3ccccc23)cc1,50000,inactive
CHEMBL4515546,COc1ccc(S(=O)(=O)Nc2ccc(N[C@H](C(=O)O)[C@@H](C)OC(C)(C)C)c3ccccc23)cc1,4250,intermediate
CHEMBL4441181,COc1ccc(S(=O)(=O)N(CC(=O)O)c2ccc(N[C@H](C(=O)O)[C@@H](C)OC(C)(C)C)c3ccccc23)cc1,1300,intermediate
CHEMBL4454849,COc1ccc(S(=O)(=O)Nc2ccc(N[C@@H](COC(C)(C)C)C(=O)O)c3ccccc23)cc1,33280,inactive
CHEMBL4590033,COc1ccc(S(=O)(=O)N(CC(=O)O)c2ccc(N[C@@H](COC(C)(C)C)C(=O)O)c3ccccc23)cc1,1130,intermediate
CHEMBL4470508,COc1ccc(S(=O)(=O)Nc2ccc(N[C@H](C(=O)O)C(C)(C)C)c3ccccc23)cc1,50000,inactive
CHEMBL4466277,COc1ccc(S(=O)(=O)N(CC(=O)O)c2ccc(N[C@H](C(=O)O)C(C)(C)C)c3ccccc23)cc1,11010,inactive
CHEMBL4462357,COc1ccc(S(=O)(=O)Nc2ccc(N[C@@H](CCS(C)(=O)=O)C(=O)O)c3ccccc23)cc1,50000,inactive
CHEMBL4535811,COc1ccc(S(=O)(=O)N(CC(=O)O)c2ccc(N[C@@H](CCS(C)(=O)=O)C(=O)O)c3ccccc23)cc1,1060,intermediate
CHEMBL4564764,COc1ccc(S(=O)(=O)Nc2ccc(N[C@@H](CCSC)C(=O)O)c3ccccc23)cc1,1590,intermediate
CHEMBL4457575,COc1ccc(S(=O)(=O)N(CC(=O)O)c2ccc(N[C@@H](CCSC)C(=O)O)c3ccccc23)cc1,1320,intermediate
CHEMBL4561918,COc1ccc(S(=O)(=O)Nc2ccc(N[C@@H](CC(C)C)C(=O)O)c3ccccc23)cc1,50000,inactive
CHEMBL4573058,COc1ccc(S(=O)(=O)N(CC(=O)O)c2ccc(N[C@@H](CC(C)C)C(=O)O)c3ccccc23)cc1,33900,inactive
CHEMBL4529979,CC[C@H](C)[C@H](Nc1ccc(NS(=O)(=O)c2ccc(OC)cc2)c2ccccc12)C(=O)O,27740,inactive
CHEMBL4445846,CC[C@H](C)[C@H](Nc1ccc(N(CC(=O)O)S(=O)(=O)c2ccc(OC)cc2)c2ccccc12)C(=O)O,1490,intermediate
CHEMBL4469680,COc1ccc(S(=O)(=O)Nc2ccc(N[C@H](C(=O)O)C(C)C)c3ccccc23)cc1,50000,inactive
CHEMBL4527377,COc1ccc(S(=O)(=O)N(CC(=O)O)c2ccc(N[C@H](C(=O)O)C(C)C)c3ccccc23)cc1,4280,intermediate
CHEMBL4514275,COc1ccc(S(=O)(=O)Nc2ccc(N[C@@H](C)C(=O)O)c3ccccc23)cc1,50000,inactive
CHEMBL4576001,COc1ccc(S(=O)(=O)N(CC(=O)O)c2ccc(N[C@@H](C)C(=O)O)c3ccccc23)cc1,3290,intermediate
CHEMBL3235901,CC(C)c1ccc(S(=O)(=O)Nc2cc(Sc3nc[nH]n3)c(O)c3ccccc23)cc1,100000,inactive
CHEMBL4440989,CCCCC1CCCN1C(=O)[C@@H]1CCC[C@H](c2cccc(-n3ncc(C(=O)O)c3C3CC3)c2)C1,63,active
CHEMBL3819587,COc1cc([C@@H](CC(=O)O)c2ccc(C)c(CN3C[C@@H](C)Oc4ccccc4S3(=O)=O)c2)cc2nnn(C)c12,8,active
CHEMBL4443801,O=C(O)CC(c1ccc(Cl)cc1)c1cccc(O)c1,1000000,inactive
CHEMBL4588168,Cn1ccc(C(CC(=O)O)c2ccc(Cl)cc2)cc1=O,260000,inactive
CHEMBL4572418,Cn1nnc2cc([C@H](CC(=O)O)c3ccc(Cl)cc3)ccc21,170000,inactive
CHEMBL4436743,Cn1nnc2cc([C@@H](CC(=O)O)c3ccc(Cl)cc3)ccc21,47000,inactive
CHEMBL4461044,O=C(O)CC(c1ccc(Cl)cc1)c1ccn2cnnc2c1,330000,inactive
CHEMBL4552527,Cc1cc(C(CC(=O)O)c2ccc3c(c2)nnn3C)ccc1Cl,44000,inactive
CHEMBL4528658,Cn1nnc2cc(C(CC(=O)O)c3ccc(Cl)c(CO)c3)ccc21,140000,inactive
CHEMBL4570791,CN(Cc1cc(C(CC(=O)O)c2ccc3c(c2)nnn3C)ccc1Cl)S(=O)(=O)c1cccnc1,580,active
CHEMBL4542179,Cc1c(S(=O)(=O)N(C)Cc2cc(C(CC(=O)O)c3ccc4c(c3)nnn4C)ccc2Cl)cnn1C,320,active
CHEMBL4452805,CN(Cc1cc(C(CC(=O)O)c2ccc3c(c2)nnn3C)ccc1Cl)S(=O)(=O)C1CCCCC1,2400,intermediate
CHEMBL4473977,Cc1ccc(C(CC(=O)O)c2ccc3c(c2)nnn3C)cc1CN(C)S(=O)(=O)c1ccccc1,130,active
CHEMBL4554007,COc1cc(C(CC(=O)O)c2ccc(C)c(CN(C)S(=O)(=O)c3ccccc3)c2)cc2nnn(C)c12,69,active
CHEMBL4464511,COc1cc(C(CC(=O)O)c2ccc(C)c(CN3CCOc4ccccc4S3(=O)=O)c2)cc2nnn(C)c12,47,active
CHEMBL4540327,COc1cc(C(CC(=O)O)c2ccc(C)c(CN3CCN(C)c4ccccc4S3(=O)=O)c2)cc2nnn(C)c12,37,active
CHEMBL4567490,COc1cc(C(CC(=O)O)c2ccc(C)c(CN3C(C)COc4ccccc4S3(=O)=O)c2)cc2nnn(C)c12,260,active
CHEMBL4447060,COc1cc(C(CC(=O)O)c2ccc(C)c(CN3CC(C)Oc4ccccc4S3(=O)=O)c2)cc2nnn(C)c12,20,active
CHEMBL4454051,COc1cc(C(CC(=O)O)c2cccc(CN3CC(C)Oc4ccccc4S3(=O)=O)c2)cc2nnn(C)c12,180,active
CHEMBL4450921,COc1cc(C(CC(=O)O)c2ccc(C)c(CN3C[C@@H](C)Oc4ccccc4S3(=O)=O)c2)cc2nnn(C)c12,10,active
CHEMBL4457466,COc1cc(C(CC(=O)O)c2ccc(C)c(CN3C[C@H](C)Oc4ccccc4S3(=O)=O)c2)cc2nnn(C)c12,42,active
CHEMBL4578025,COc1cc([C@H](CC(=O)O)c2ccc(C)c(CN3C[C@@H](C)Oc4ccccc4S3(=O)=O)c2)cc2nnn(C)c12,24,active
CHEMBL4516372,C[C@@H](O)[C@H](NC(=O)[C@H](CCC(=O)O)NC(=O)C1CSCN1C(=O)[C@@H](N)CC(=O)O)C(=O)NCC(=O)N[C@@H](CCC(=O)O)C(=O)NC(CC1CCCCC1)C(=O)O,31,active
CHEMBL4545736,COc1ccc(S(=O)(=O)N(CC(=O)O)c2ccc(N(CC(=O)O)S(=O)(=O)c3ccc(NC(=O)CCCC(=O)NCCNC(=O)CCCC[C@@H]4SC[C@@H]5NC(=O)N[C@@H]54)cc3)c3ccccc23)cc1,74,active
CHEMBL4440393,COc1ccc(S(=O)(=O)N(CC(=O)O)c2ccc(N(CC(=O)O)S(=O)(=O)c3ccc(NC(=O)CCCC(=O)NCCN)cc3)c3ccccc23)cc1,30.7,active
CHEMBL4634320,COc1ccc(S(=O)(=O)Cc2ccc(NS(=O)(=O)c3ccc(OC)cc3)c3ccccc23)cc1,3000,intermediate
CHEMBL4634673,COc1ccc(S(=O)(=O)Cc2ccc(N(CC(=O)O)S(=O)(=O)c3ccc(OC)cc3)c3ccccc23)cc1,678,active
CHEMBL4635294,COc1ccc(CCc2ccc(N(CC(=O)O)S(=O)(=O)c3ccc(OC)cc3)c3ccccc23)cc1,1500,intermediate
CHEMBL4645572,COc1ccc(S(=O)(=O)N(CC(=O)O)c2ccc(/C=C/C(=O)O)c3ccccc23)cc1,13000,inactive
CHEMBL4649100,COc1ccc(S(=O)(=O)Nc2ccc(/C=C/C(=O)O)c3ccccc23)cc1,25000,inactive
CHEMBL4649151,COc1ccc(S(=O)(=O)N(CC(=O)O)c2ccc(CCC(=O)O)c3ccccc23)cc1,9300,intermediate
CHEMBL4647075,COc1ccc(S(=O)(=O)Nc2ccc(CCC(=O)O)c3ccccc23)cc1,25000,inactive
CHEMBL4639807,COc1ccc(S(=O)(=O)Cc2ccc(CS(=O)(=O)c3ccc(OC)cc3)c3ccccc23)cc1,25000,inactive
CHEMBL4641126,COc1ccc(S(=O)(=O)Cc2ccc(N(C(C)C(=O)O)S(=O)(=O)c3ccc(OC)cc3)c3ccccc23)cc1,189,active
CHEMBL4649087,COc1ccc(S(=O)(=O)Cc2ccc(N(C(C(=O)O)c3ccccc3)S(=O)(=O)c3ccc(OC)cc3)c3ccccc23)cc1,14000,inactive
CHEMBL4632368,COc1ccc(S(=O)(=O)Nc2ccc(N(C(C)C(=O)O)S(=O)(=O)c3ccc(OC)cc3)c3ccccc23)cc1,126,active
CHEMBL4632722,COc1ccc(S(=O)(=O)Cc2ccc(N([C@H](C)C(=O)O)S(=O)(=O)c3ccc(OC)cc3)c3ccccc23)cc1,151,active
CHEMBL4647946,COc1ccc(S(=O)(=O)Cc2ccc(N([C@@H](C)C(=O)O)S(=O)(=O)c3ccc(OC)cc3)c3ccccc23)cc1,241,active
CHEMBL4648717,NC(=O)[C@H]1CC[C@H]1C(=O)N1CCc2c(OCCO)cccc2[C@H]1CN1C(=O)c2ccccc2C1=O,2545,intermediate
CHEMBL4649380,O=C(O)[C@H]1CC[C@H]1C(=O)N1CCc2c(OCCO)cccc2[C@H]1CN1C(=O)c2ccccc2C1=O,3102,intermediate
CHEMBL4641843,NC(=O)[C@H]1CCCC[C@H]1C(=O)N1CCc2c(O)cccc2[C@H]1CN1C(=O)c2ccccc2C1=O,5539,intermediate
CHEMBL4645109,NC(=O)[C@H]1CC[C@H]1C(=O)N1CCc2c(O)cccc2[C@H]1CN1C(=O)c2ccccc2C1=O,1558,intermediate
CHEMBL4638389,O=C(O)[C@H]1CC[C@H]1C(=O)N1CCc2c(O)cccc2[C@H]1CN1C(=O)c2ccccc2C1=O,862,active
CHEMBL4648472,CC(=O)N[C@@H](CC(C)C)C(=O)N[C@@H](CC(=O)O)C(=O)N[C@@H](CCC(=O)O)C(=O)N[C@@H](CCC(=O)O)C(=O)N[C@H](C(=O)NCC(=O)N[C@@H](Cc1ccccc1)C(=O)N[C@@H](Cc1ccccc1)C(=O)N[C@@H](CC(C)C)C(N)=O)[C@@H](C)O,50000,inactive
CHEMBL4647979,CC(=O)N[C@@H](CC(C)C)C(=O)N[C@@H](CC(=O)O)C(=O)N[C@@H](CCC(=O)O)C(=O)N[C@@H](CCC(=O)O)C(=O)N[C@H](C(=O)NCC(=O)N[C@@H](Cc1cccc(C(N)=O)c1)C(=O)N[C@@H](Cc1ccccc1)C(=O)N[C@@H](CC(C)C)C(N)=O)[C@@H](C)O,5900,intermediate
CHEMBL4638535,CC(=O)N[C@@H](CC(C)C)C(=O)N[C@@H](CC(=O)O)C(=O)N[C@@H](CCC(=O)O)C(=O)N[C@@H](CCC(=O)O)C(=O)N[C@H](C(=O)NCC(=O)N[C@@H](CC1CCCC1)C(=O)N[C@@H](Cc1ccccc1)C(=O)N[C@@H](CC(C)C)C(N)=O)[C@@H](C)O,64000,inactive
CHEMBL4633579,CC(=O)N[C@@H](CC(C)C)C(=O)N[C@@H](CC(=O)O)C(=O)N[C@@H](CCC(=O)O)C(=O)N[C@@H](CCC(=O)O)C(=O)N[C@H](C(=O)NCC(=O)N[C@@H](CCCNC(=N)N)C(=O)N[C@@H](Cc1ccccc1)C(=O)N[C@@H](CC(C)C)C(N)=O)[C@@H](C)O,29000,inactive
CHEMBL4637259,CC(=O)N[C@@H](CC(C)C)C(=O)N[C@@H](CC(=O)O)C(=O)N[C@@H](CCC(=O)O)C(=O)N[C@@H](CCC(=O)O)C(=O)N[C@H](C(=O)NCC(=O)N[C@@H](CC1CC1)C(=O)N[C@@H](Cc1ccccc1)C(=O)N[C@@H](CC(C)C)C(N)=O)[C@@H](C)O,64000,inactive
CHEMBL4642135,CC(=O)N[C@@H](CC(C)C)C(=O)N[C@@H](CC(=O)O)C(=O)N[C@@H](CCC(=O)O)C(=O)N[C@@H](CCC(=O)O)C(=O)N[C@H](C(=O)NCC(=O)N[C@@H](CC1CCC1)C(=O)N[C@@H](Cc1ccccc1)C(=O)N[C@@H](CC(C)C)C(N)=O)[C@@H](C)O,2700,intermediate
CHEMBL4639381,O=C(O)[C@H]1CCCC[C@H]1C(=O)N1CCc2c(O)cccc2[C@H]1CN1C(=O)c2ccccc2C1=O,98,active
CHEMBL4639835,CC(C)(O)C#Cc1cccc2c1CCN(C(=O)[C@@H]1CCCC[C@@H]1C(=O)O)[C@@H]2CN1C(=O)c2ccccc2C1=O,4682,intermediate
CHEMBL4634711,O=C(O)[C@H]1CCCC[C@H]1C(=O)N1CCc2c(C#CCO)cccc2[C@H]1CN1C(=O)c2ccccc2C1=O,254,active
CHEMBL4635272,COCCOc1cccc2c1CCN(C(=O)[C@@H]1CCCC[C@@H]1C(=O)O)[C@@H]2CN1C(=O)c2ccccc2C1=O,5456,intermediate
CHEMBL4645065,O=C(O)[C@H]1CCCC[C@H]1C(=O)N1CCc2c(OCCCO)cccc2[C@H]1CN1C(=O)c2ccccc2C1=O,1275,intermediate
CHEMBL4636738,O=C(O)[C@H]1CCCC[C@H]1C(=O)N1CCc2c(OCCO)cccc2[C@H]1CN1C(=O)c2ccccc2C1=O,183,active
CHEMBL4642536,O=C(O)[C@H]1CCCC[C@H]1C(=O)N1CCc2cc(OCCO)ccc2[C@H]1CN1C(=O)c2ccccc2C1=O,1976,intermediate
CHEMBL3948237,CCOc1ccc(S(=O)(=O)Nc2cc(CC(C)=O)c(NS(=O)(=O)c3ccc(OCC)cc3)c3ccccc23)cc1,1500,intermediate
CHEMBL4166048,COc1ccc(S(=O)(=O)N(CC(=O)O)Cc2ccccc2CN(CC(=O)O)S(=O)(=O)c2ccc(OC)cc2)cc1,2300,intermediate
CHEMBL4640621,COc1ccc(S(=O)(=O)N(Cc2ccccc2CN([C@@H](C)C(=O)O)S(=O)(=O)c2ccc(OC)cc2)[C@@H](C)C(=O)O)cc1,150,active
CHEMBL4646358,COc1ccc(S(=O)(=O)N(Cc2ccccc2CN([C@H](C)C(=O)O)S(=O)(=O)c2ccc(OC)cc2)[C@H](C)C(=O)O)cc1,620,active
CHEMBL4645697,COc1ccc(S(=O)(=O)N(Cc2ccccc2CN(C(Cc2nnn[nH]2)C(=O)O)S(=O)(=O)c2ccc(OC)cc2)C(Cc2nnn[nH]2)C(=O)O)cc1,1170,intermediate
CHEMBL4634585,O=C(O)CN(Cc1ccccc1CN(CC(=O)O)S(=O)(=O)c1c(F)cccc1F)S(=O)(=O)c1c(F)cccc1F,1780,intermediate
CHEMBL4635873,O=C(O)CN(Cc1ccccc1CN(CC(=O)O)S(=O)(=O)c1ccc(OCc2ccccc2)cc1)S(=O)(=O)c1ccc(OCc2ccccc2)cc1,570,active
CHEMBL4637517,O=C(O)CN(Cc1ccccc1CN(CC(=O)O)S(=O)(=O)c1ccc2oc3ccccc3c2c1)S(=O)(=O)c1ccc2oc3ccccc3c2c1,420,active
CHEMBL4780553,COc1cccc(Nc2ccc(C)c(N(CC(=O)O)S(=O)(=O)c3c(C)cc(C)cc3C)c2)c1,102000,inactive
CHEMBL4751309,COc1cccc(Nc2cc(C)cc(N(CC(=O)O)S(=O)(=O)c3c(C)cc(C)cc3C)c2)c1,93300,inactive
CHEMBL4798370,COc1cccc(Nc2cc(N(CC(=O)O)S(=O)(=O)c3c(C)cc(C)cc3C)ccc2C)c1,95600,inactive
CHEMBL4787914,COc1cccc(Nc2cccc(N(CC(=O)O)S(=O)(=O)c3c(C)cc(C)cc3C)c2C)c1,30100,inactive
CHEMBL4763599,COc1cccc(Nc2cccc(N(CC(=O)O)S(=O)(=O)c3c(C)cc(C)cc3C)c2)c1,101000,inactive
CHEMBL4777809,COc1cccc(Nc2cccc(N(CC(=O)O)S(=O)(=O)c3c(C)cc(C)cc3C)c2C(F)(F)F)c1,500000,inactive
CHEMBL4752550,COc1cccc(Nc2cccc(N(CC(=O)O)S(=O)(=O)c3c(C)cc(C)cc3C)c2F)c1,80100,inactive
CHEMBL4792278,COc1cccc(Nc2cccc(N(CC(=O)O)S(=O)(=O)c3c(C)cc(C)cc3C)c2OC)c1,55300,inactive
CHEMBL4764744,COc1cccc(Nc2ccc(N(CC(=O)O)S(=O)(=O)c3c(C)cc(C)cc3C)cc2)c1,500000,inactive
CHEMBL4759783,COc1cccc(CN2CCc3c2cccc3N(CC(=O)O)S(=O)(=O)c2c(C)cc(C)cc2C)c1,16400,inactive
CHEMBL4744410,COc1ccc(CN2CCc3c2cccc3N(CC(=O)O)S(=O)(=O)c2c(C)cc(C)cc2C)cc1,98000,inactive
CHEMBL4745146,Cc1ccc(CN2CCc3c2cccc3N(CC(=O)O)S(=O)(=O)c2c(C)cc(C)cc2C)cc1,100000,inactive
CHEMBL4745722,Cc1cc(C)c(S(=O)(=O)N(CC(=O)O)c2cccc3c2CCN3Cc2ccc(C(F)(F)F)cc2)c(C)c1,100000,inactive
CHEMBL4795507,Cc1cc(C)c(S(=O)(=O)N(CC(=O)O)c2cccc3c2CCN3Cc2ccc(Br)cc2)c(C)c1,100000,inactive
CHEMBL4791847,Cc1cc(C)c(S(=O)(=O)N(CC(=O)O)c2cccc3c2CCN3Cc2ccc(Cl)cc2)c(C)c1,100000,inactive
CHEMBL4745243,COc1ccccc1CN1CCc2c1cccc2N(CC(=O)O)S(=O)(=O)c1c(C)cc(C)cc1C,100000,inactive
CHEMBL4747781,Cc1cc(C)c(S(=O)(=O)N(CC(=O)O)c2cccc3c2CCN3Cc2ccccc2)c(C)c1,42000,inactive
CHEMBL4764718,Cc1cccc(CN2CCc3c2cccc3N(CC(=O)O)S(=O)(=O)c2c(C)cc(C)cc2C)c1,100000,inactive
CHEMBL4758483,Cc1cc(C)c(S(=O)(=O)N(CC(=O)O)c2cccc3c2CCN3Cc2cccc(C(F)(F)F)c2)c(C)c1,100000,inactive
CHEMBL4777942,Cc1cc(C)c(S(=O)(=O)N(CC(=O)O)c2cccc3c2CCN3Cc2cccc(Br)c2)c(C)c1,100000,inactive
CHEMBL4777493,Cc1cc(C)c(S(=O)(=O)N(CC(=O)O)c2cccc3c2CCN3Cc2cccc(Cl)c2)c(C)c1,100000,inactive
CHEMBL4785655,Cc1cc(C)c(S(=O)(=O)N(CC(=O)O)c2cccc3c2CCN3Cc2cccc(C#N)c2)c(C)c1,24800,inactive
CHEMBL4745921,Cc1cc(C)c(S(=O)(=O)N(CC(=O)O)c2cccc3c2CCN3Cc2cccc(-c3ccccc3)c2)c(C)c1,100000,inactive
CHEMBL4787063,CCOc1cccc(CN2CCc3c2cccc3N(CC(=O)O)S(=O)(=O)c2c(C)cc(C)cc2C)c1,100000,inactive
CHEMBL4755032,Cc1cc(C)c(S(=O)(=O)N(CC(=O)O)c2cccc3c2CCN3Cc2cccc(OC(C)C)c2)c(C)c1,100000,inactive
CHEMBL4753443,Cc1cc(C)c(S(=O)(=O)N(CC(=O)O)c2cccc3c2CCN3Cc2cccc([N+](=O)[O-])c2)c(C)c1,27200,inactive
CHEMBL4754329,Cc1cc(C)cc(CN2CCc3c2cccc3N(CC(=O)O)S(=O)(=O)c2c(C)cc(C)cc2C)c1,22200,inactive
CHEMBL4762700,Cc1cc(C)c(S(=O)(=O)N(CC(=O)O)c2cccc3c2CCN3Cc2cccc(C)c2C)c(C)c1,98200,inactive
CHEMBL4746287,COc1cc(CN2CCc3c2cccc3N(CC(=O)O)S(=O)(=O)c2c(C)cc(C)cc2C)cc(OC)c1,100000,inactive
CHEMBL4776894,COc1cc(F)cc(CN2CCc3c2cccc3N(CC(=O)O)S(=O)(=O)c2c(C)cc(C)cc2C)c1,100000,inactive
CHEMBL4746336,COc1ccc(CN2CCc3c2cccc3N(CC(=O)O)S(=O)(=O)c2c(C)cc(C)cc2C)cc1OC,100000,inactive
CHEMBL4752969,COc1cc(Br)cc(CN2CCc3c2cccc3N(CC(=O)O)S(=O)(=O)c2c(C)cc(C)cc2C)c1,100000,inactive
CHEMBL4744371,COc1cc(C)cc(CN2CCc3c2cccc3N(CC(=O)O)S(=O)(=O)c2c(C)cc(C)cc2C)c1,100000,inactive
CHEMBL4760477,COc1cccc(C(C(=O)NS(=O)(=O)c2ccccc2)N2CCc3c2cccc3N(CC(=O)O)S(=O)(=O)c2c(C)cc(C)cc2C)c1,1820,intermediate
CHEMBL4797572,COc1cccc(C(C(=O)NS(C)(=O)=O)N2CCc3c2cccc3N(CC(=O)O)S(=O)(=O)c2c(C)cc(C)cc2C)c1,5720,intermediate
CHEMBL4741667,COc1cccc(C(C(=O)NS(=O)(=O)C(F)(F)F)N2CCc3c2cccc3N(CC(=O)O)S(=O)(=O)c2c(C)cc(C)cc2C)c1,4890,intermediate
CHEMBL4794829,COc1cccc(C(C(=O)NS(=O)(=O)c2cccnc2)N2CCc3c2cccc3N(CC(=O)O)S(=O)(=O)c2c(C)cc(C)cc2C)c1,10400,inactive
CHEMBL4758623,COc1cccc(C(C(=O)NS(=O)(=O)c2cccs2)N2CCc3c2cccc3N(CC(=O)O)S(=O)(=O)c2c(C)cc(C)cc2C)c1,5170,intermediate
CHEMBL4754244,COc1ccc(S(=O)(=O)NC(=O)C(c2cccc(OC)c2)N2CCc3c2cccc3N(CC(=O)O)S(=O)(=O)c2c(C)cc(C)cc2C)cc1,3390,intermediate
CHEMBL4754899,COc1cccc(C(C(=O)NS(=O)(=O)c2ccc(C)cc2)N2CCc3c2cccc3N(CC(=O)O)S(=O)(=O)c2c(C)cc(C)cc2C)c1,1390,intermediate
CHEMBL4741638,COc1cccc(C(C(=O)NS(=O)(=O)c2ccc(F)cc2)N2CCc3c2cccc3N(CC(=O)O)S(=O)(=O)c2c(C)cc(C)cc2C)c1,2860,intermediate
CHEMBL4780267,COc1cccc(C(C(=O)NS(=O)(=O)c2ccc(Cl)cc2)N2CCc3c2cccc3N(CC(=O)O)S(=O)(=O)c2c(C)cc(C)cc2C)c1,2920,intermediate
CHEMBL4761735,COc1cccc(C(C(=O)NS(=O)(=O)c2ccc(Br)cc2)N2CCc3c2cccc3N(CC(=O)O)S(=O)(=O)c2c(C)cc(C)cc2C)c1,2950,intermediate
CHEMBL4781353,COc1cccc(C(C(=O)NS(=O)(=O)c2ccc(C(F)(F)F)cc2)N2CCc3c2cccc3N(CC(=O)O)S(=O)(=O)c2c(C)cc(C)cc2C)c1,44500,inactive
CHEMBL4759422,COc1cccc(C(C(=O)NS(=O)(=O)c2ccccc2OC)N2CCc3c2cccc3N(CC(=O)O)S(=O)(=O)c2c(C)cc(C)cc2C)c1,1320,intermediate
CHEMBL4758667,COc1cccc(C(C(=O)NS(=O)(=O)c2ccccc2C)N2CCc3c2cccc3N(CC(=O)O)S(=O)(=O)c2c(C)cc(C)cc2C)c1,1790,intermediate
CHEMBL4747188,COc1cccc(C(C(=O)NS(=O)(=O)c2cccc(C)c2)N2CCc3c2cccc3N(CC(=O)O)S(=O)(=O)c2c(C)cc(C)cc2C)c1,3810,intermediate
CHEMBL4785954,CCOc1ccccc1S(=O)(=O)NC(=O)C(c1cccc(OC)c1)N1CCc2c1cccc2N(CC(=O)O)S(=O)(=O)c1c(C)cc(C)cc1C,2560,intermediate
CHEMBL4750510,CCc1ccccc1S(=O)(=O)NC(=O)C(c1cccc(OC)c1)N1CCc2c1cccc2N(CC(=O)O)S(=O)(=O)c1c(C)cc(C)cc1C,3580,intermediate
CHEMBL4741683,COc1cccc(C(C(=O)NS(=O)(=O)c2ccccc2F)N2CCc3c2cccc3N(CC(=O)O)S(=O)(=O)c2c(C)cc(C)cc2C)c1,12000,inactive
CHEMBL4785492,COc1cccc(C(C(=O)NS(=O)(=O)c2ccccc2Cl)N2CCc3c2cccc3N(CC(=O)O)S(=O)(=O)c2c(C)cc(C)cc2C)c1,2760,intermediate
CHEMBL4779462,COc1cccc(C(C(=O)NS(=O)(=O)c2ccccc2Br)N2CCc3c2cccc3N(CC(=O)O)S(=O)(=O)c2c(C)cc(C)cc2C)c1,2340,intermediate
CHEMBL4754660,COc1cccc(C(C(=O)NS(=O)(=O)c2ccccc2C(F)(F)F)N2CCc3c2cccc3N(CC(=O)O)S(=O)(=O)c2c(C)cc(C)cc2C)c1,16700,inactive
CHEMBL4785029,COc1cccc(C(C(=O)NS(=O)(=O)c2ccccc2OC(F)(F)F)N2CCc3c2cccc3N(CC(=O)O)S(=O)(=O)c2c(C)cc(C)cc2C)c1,9690,intermediate
CHEMBL4753829,COc1cccc(C(C(=O)NS(=O)(=O)c2ccc(C)cc2C)N2CCc3c2cccc3N(CC(=O)O)S(=O)(=O)c2c(C)cc(C)cc2C)c1,2650,intermediate
CHEMBL4764494,COc1cccc(C(C(=O)NS(=O)(=O)c2ccc(C)cc2OC)N2CCc3c2cccc3N(CC(=O)O)S(=O)(=O)c2c(C)cc(C)cc2C)c1,230,active
CHEMBL4758373,COc1cccc(C(C(=O)NS(=O)(=O)c2ccc(OC)cc2OC)N2CCc3c2cccc3N(CC(=O)O)S(=O)(=O)c2c(C)cc(C)cc2C)c1,640,active
CHEMBL4798429,COc1cccc(C(C(=O)NS(=O)(=O)c2cc(C)cc(C)c2)N2CCc3c2cccc3N(CC(=O)O)S(=O)(=O)c2c(C)cc(C)cc2C)c1,6750,intermediate
CHEMBL4748843,COc1cccc(C(C(=O)NS(=O)(=O)c2cccc3ccccc23)N2CCc3c2cccc3N(CC(=O)O)S(=O)(=O)c2c(C)cc(C)cc2C)c1,1810,intermediate
CHEMBL4744304,COc1cccc(C(C(=O)NS(=O)(=O)c2ccc(C)cc2OC)N2CCc3c2cccc3N(CC(=O)NS(=O)(=O)c2ccccc2)S(=O)(=O)c2c(C)cc(C)cc2C)c1,58,active
CHEMBL4750621,COc1ccc(S(=O)(=O)N(CC(=O)NS(=O)(=O)c2ccccc2)c2cccc3c2CCN3C(C(=O)NS(=O)(=O)c2ccc(C)cc2OC)c2cccc(OC)c2)cc1,64,active
CHEMBL4746187,COc1cccc(C(C(=O)NS(=O)(=O)c2ccc(C)cc2OC)N2CCc3c2cccc3N(CC(=O)NS(=O)(=O)c2ccccc2)S(=O)(=O)c2ccc(C)cc2)c1,110,active
CHEMBL4764588,COc1cccc(C(C(=O)NS(=O)(=O)c2ccc(C)cc2OC)N2CCc3c2cccc3N(CC(=O)NS(=O)(=O)c2ccccc2)S(=O)(=O)c2ccc(F)cc2)c1,580,active
CHEMBL4752539,COc1cccc(C(C(=O)NS(=O)(=O)c2ccc(C)cc2OC)N2CCc3c2cccc3N(CC(=O)NS(=O)(=O)c2ccccc2)S(=O)(=O)c2ccc(NC(C)=O)cc2)c1,230,active
CHEMBL4793592,COc1cccc(C(C(=O)NS(=O)(=O)c2ccc(C)cc2OC)N2CCc3c2cccc3N(CC(=O)NS(=O)(=O)c2ccccc2)S(=O)(=O)c2ccccc2OC)c1,160,active
CHEMBL4797348,COc1cccc(C(C(=O)NS(=O)(=O)c2ccc(C)cc2OC)N2CCc3c2cccc3N(CC(=O)NS(=O)(=O)c2ccccc2)S(=O)(=O)c2cccc(OC)c2)c1,150,active
CHEMBL4748294,COc1cccc(C(C(=O)NS(=O)(=O)c2ccc(C)cc2OC)N2CCc3c2cccc3N(CC(=O)NS(=O)(=O)c2ccccc2)S(=O)(=O)c2ccccc2)c1,240,active
CHEMBL4747622,COc1ccc(S(=O)(=O)N(CC(=O)NS(=O)(=O)C2CC2)c2cccc3c2CCN3C(C(=O)NS(=O)(=O)c2ccc(C)cc2OC)c2cccc(OC)c2)cc1,610,active
CHEMBL4789377,COc1ccc(S(=O)(=O)N(CC(=O)NS(C)(=O)=O)c2cccc3c2CCN3C(C(=O)NS(=O)(=O)c2ccc(C)cc2OC)c2cccc(OC)c2)cc1,1740,intermediate
CHEMBL4755721,COc1ccc(S(=O)(=O)N(CC(=O)NS(=O)(=O)C(F)(F)F)c2cccc3c2CCN3C(C(=O)NS(=O)(=O)c2ccc(C)cc2OC)c2cccc(OC)c2)cc1,15100,inactive
CHEMBL4780799,COc1ccc(S(=O)(=O)N(CC(=O)NS(=O)(=O)c2cccnc2)c2cccc3c2CCN3C(C(=O)NS(=O)(=O)c2ccc(C)cc2OC)c2cccc(OC)c2)cc1,770,active
CHEMBL4761524,COc1ccc(S(=O)(=O)N(CC(=O)NS(=O)(=O)c2cccs2)c2cccc3c2CCN3C(C(=O)NS(=O)(=O)c2ccc(C)cc2OC)c2cccc(OC)c2)cc1,5160,intermediate
CHEMBL4739983,COc1ccc(S(=O)(=O)NC(=O)CN(c2cccc3c2CCN3C(C(=O)NS(=O)(=O)c2ccc(C)cc2OC)c2cccc(OC)c2)S(=O)(=O)c2ccc(OC)cc2)cc1,22,active
CHEMBL4762197,COc1ccc(S(=O)(=O)N(CC(=O)NS(=O)(=O)c2ccc(C)cc2)c2cccc3c2CCN3C(C(=O)NS(=O)(=O)c2ccc(C)cc2OC)c2cccc(OC)c2)cc1,120,active
CHEMBL4763416,COc1ccc(S(=O)(=O)N(CC(=O)NS(=O)(=O)c2ccc(F)cc2)c2cccc3c2CCN3C(C(=O)NS(=O)(=O)c2ccc(C)cc2OC)c2cccc(OC)c2)cc1,130,active
CHEMBL4789691,COc1ccc(S(=O)(=O)N(CC(=O)NS(=O)(=O)c2ccc(C(F)(F)F)cc2)c2cccc3c2CCN3C(C(=O)NS(=O)(=O)c2ccc(C)cc2OC)c2cccc(OC)c2)cc1,400,active
CHEMBL4794097,CCc1ccc(S(=O)(=O)NC(=O)CN(c2cccc3c2CCN3C(C(=O)NS(=O)(=O)c2ccc(C)cc2OC)c2cccc(OC)c2)S(=O)(=O)c2ccc(OC)cc2)cc1,190,active
CHEMBL4756384,COc1ccc(S(=O)(=O)N(CC(=O)NS(=O)(=O)c2ccc(O)cc2)c2cccc3c2CCN3C(C(=O)NS(=O)(=O)c2ccc(C)cc2OC)c2cccc(OC)c2)cc1,510,active
CHEMBL4757197,CCOc1ccc(S(=O)(=O)NC(=O)CN(c2cccc3c2CCN3C(C(=O)NS(=O)(=O)c2ccc(C)cc2OC)c2cccc(OC)c2)S(=O)(=O)c2ccc(OC)cc2)cc1,48,active
CHEMBL4795182,COc1ccc(S(=O)(=O)N(CC(=O)NS(=O)(=O)c2ccccc2OC)c2cccc3c2CCN3C(C(=O)NS(=O)(=O)c2ccc(C)cc2OC)c2cccc(OC)c2)cc1,100000,inactive
CHEMBL4743455,COc1ccc(S(=O)(=O)N(CC(=O)NS(=O)(=O)c2cccc(OC)c2)c2cccc3c2CCN3C(C(=O)NS(=O)(=O)c2ccc(C)cc2OC)c2cccc(OC)c2)cc1,100000,inactive
CHEMBL3632709,COc1ccc(S(=O)(=O)N(C)c2ccc(N(C)S(=O)(=O)c3ccc(OC)cc3)c3ccccc23)cc1,2300,intermediate
CHEMBL3601212,CC(=O)Nc1ccc(S(=O)(=O)N(CC(=O)O)c2ccc(N(CC(=O)O)S(=O)(=O)c3ccc(NC(C)=O)cc3)c3ccccc23)cc1,14.4,active
CHEMBL4544116,CC(=O)Nc1ccc(S(=O)(=O)N(Cc2nn[nH]n2)c2ccc(N(Cc3nn[nH]n3)S(=O)(=O)c3ccc(NC(C)=O)cc3)c3ccccc23)cc1,15.8,active
CHEMBL4174651,COc1ccc(S(=O)(=O)N(CC(=O)O)c2cnc(N(CC(=O)O)S(=O)(=O)c3ccc(OC)cc3)c3ccccc23)cc1,60,active
CHEMBL4646536,COc1ccc(S(=O)(=O)N(CC(F)(F)F)c2cnc(N(CC(=O)O)S(=O)(=O)c3ccc(OC)cc3)c3ccccc23)cc1,73,active
CHEMBL4755442,COc1cc([C@@H](CC(=O)O)c2ccc(C)c(CN3CC[C@@H](C)Oc4ccccc4S3(=O)=O)c2)cc2c1nnn2C,15,active
CHEMBL4791229,Cc1cc(C)c(S(=O)(=O)N(CC(=O)O)c2ccccc2C)c(C)c1,450000,inactive
CHEMBL4743454,COc1cccc(N2CCc3c2cccc3N(CC(=O)O)S(=O)(=O)c2c(C)cc(C)cc2C)c1,14400,inactive
CHEMBL4764024,COc1cccc(N2CCc3c2cccc3N(CC(=O)O)S(=O)(=O)c2ccc([N+](=O)[O-])cc2)c1,100000,inactive
CHEMBL4743526,COc1ccc(S(=O)(=O)N(CC(=O)O)c2cccc3c2CCN3c2cccc(OC)c2)cc1,100000,inactive
CHEMBL4790573,COc1cccc(N2CCc3c2cccc3N(CC(=O)O)S(=O)(=O)c2ccc(C)cc2)c1,100000,inactive
CHEMBL4746098,COc1cccc(N2CCc3c2cccc3N(CC(=O)O)S(=O)(=O)c2ccc(NC(C)=O)cc2)c1,100000,inactive
CHEMBL4791553,COc1cccc(N2CCc3c2cccc3N(CC(=O)O)S(=O)(=O)c2ccc(F)cc2)c1,100000,inactive
CHEMBL4794557,COc1cccc(-n2ccc3c(N(CC(=O)O)S(=O)(=O)c4c(C)cc(C)cc4C)cccc32)c1,101000,inactive
CHEMBL4755382,COc1cccc(N2CCCc3c2cccc3N(CC(=O)O)S(=O)(=O)c2c(C)cc(C)cc2C)c1,43100,inactive
CHEMBL4795196,COc1cccc(C(=O)N2CCc3c2cccc3N(CC(=O)O)S(=O)(=O)c2c(C)cc(C)cc2C)c1,100000,inactive
CHEMBL4749382,COc1cccc(S(=O)(=O)N2CCc3c2cccc3N(CC(=O)O)S(=O)(=O)c2c(C)cc(C)cc2C)c1,15400,inactive
CHEMBL4759687,COc1cccc(C(C(=O)O)N2CCc3c2cccc3N(CC(=O)O)S(=O)(=O)c2c(C)cc(C)cc2C)c1,2370,intermediate
CHEMBL4750670,CC(=O)N[C@@H](CC(C)C)C(=O)N[C@@H](CC(=O)O)C(=O)N[C@@H](CCC(N)=O)C(=O)N[C@@H](CCC(=O)O)C(=O)N[C@H](C(=O)NCC(=O)N[C@@H](CCC(=O)O)C(=O)N[C@@H](Cc1ccccc1)C(=O)N[C@@H](CC(C)C)C(N)=O)[C@@H](C)O,166,active
CHEMBL4752720,CC(=O)N[C@@H](CC(C)C)C(=O)N[C@@H](CC(=O)O)C(=O)N[C@@H](CO)C(=O)N[C@@H](CCC(=O)O)C(=O)N[C@H](C(=O)NCC(=O)N[C@@H](CCC(=O)O)C(=O)N[C@@H](Cc1ccccc1)C(=O)N[C@@H](CC(C)C)C(N)=O)[C@@H](C)O,280,active
CHEMBL4796106,CC(=O)N[C@@H](CC(C)C)C(=O)N[C@@H](CC(=O)O)C(=O)N[C@@H](CCO)C(=O)N[C@@H](CCC(=O)O)C(=O)N[C@H](C(=O)NCC(=O)N[C@@H](CCC(=O)O)C(=O)N[C@@H](Cc1ccccc1)C(=O)N[C@@H](CC(C)C)C(N)=O)[C@@H](C)O,91,active
CHEMBL4787250,CC(=O)N[C@@H](CC(C)C)C(=O)N[C@@H](CC(=O)O)C(=O)N[C@@H](CCCCN)C(=O)N[C@@H](CCC(=O)O)C(=O)N[C@H](C(=O)NCC(=O)N[C@@H](CCC(=O)O)C(=O)N[C@@H](Cc1ccccc1)C(=O)N[C@@H](CC(C)C)C(N)=O)[C@@H](C)O,115,active
CHEMBL4776337,CC(=O)N[C@@H](CC(C)C)C(=O)N[C@@H](CC(=O)O)C(=O)N[C@@H](C)C(=O)N[C@@H](CCC(=O)O)C(=O)N[C@H](C(=O)NCC(=O)N[C@@H](CCC(=O)O)C(=O)N[C@@H](Cc1ccccc1)C(=O)N[C@@H](CC(C)C)C(N)=O)[C@@H](C)O,70,active
CHEMBL4750619,CC(=O)N[C@@H](CC(C)C)C(=O)N[C@@H](CC(=O)O)C(=O)N[C@H](C(=O)N[C@@H](CCC(=O)O)C(=O)N[C@H](C(=O)NCC(=O)N[C@@H](CCC(=O)O)C(=O)N[C@@H](Cc1ccccc1)C(=O)N[C@@H](CC(C)C)C(N)=O)[C@@H](C)O)C(C)C,55,active
CHEMBL4746924,CC(=O)N[C@@H](CC(C)C)C(=O)N[C@@H](CC(=O)O)C(=O)N1CCC[C@H]1C(=O)N[C@@H](CCC(=O)O)C(=O)N[C@H](C(=O)NCC(=O)N[C@@H](CCC(=O)O)C(=O)N[C@@H](Cc1ccccc1)C(=O)N[C@@H](CC(C)C)C(N)=O)[C@@H](C)O,19,active
CHEMBL4754176,CC(=O)N[C@@H](CC(C)C)C(=O)N[C@@H](CC(=O)O)C(=O)N1C[C@H](F)C[C@H]1C(=O)N[C@@H](CCC(=O)O)C(=O)N[C@H](C(=O)NCC(=O)N[C@@H](CCC(=O)O)C(=O)N[C@@H](Cc1ccccc1)C(=O)N[C@@H](CC(C)C)C(N)=O)[C@@H](C)O,13,active
CHEMBL4762897,CC(=O)N[C@@H](CC(C)C)C(=O)N[C@@H](CC(=O)O)C(=O)N1CSC[C@H]1C(=O)N[C@@H](CCC(=O)O)C(=O)N[C@H](C(=O)NCC(=O)N[C@@H](CCC(=O)O)C(=O)N[C@@H](Cc1ccccc1)C(=O)N[C@@H](CC(C)C)C(N)=O)[C@@H](C)O,10,active
CHEMBL4752638,CC(=O)N[C@@H](CC(C)C)C(=O)N[C@@H](CC(=O)O)C(=O)N[C@@H](CCC(=O)O)C(=O)N[C@@H](CCC(N)=O)C(=O)N[C@H](C(=O)NCC(=O)N[C@@H](CCC(=O)O)C(=O)N[C@@H](Cc1ccccc1)C(=O)N[C@@H](CC(C)C)C(N)=O)[C@@H](C)O,64000,inactive
CHEMBL4758792,CC(=O)N[C@@H](CC(C)C)C(=O)N[C@@H](CC(=O)O)C(=O)N[C@@H](CCC(=O)O)C(=O)N[C@@H](Cc1ccc(O)cc1)C(=O)N[C@H](C(=O)NCC(=O)N[C@@H](CCC(=O)O)C(=O)N[C@@H](Cc1ccccc1)C(=O)N[C@@H](CC(C)C)C(N)=O)[C@@H](C)O,50000,inactive
CHEMBL4754410,CC(=O)N[C@@H](CC(C)C)C(=O)N[C@@H](CC(=O)O)C(=O)N[C@@H](CCC(=O)O)C(=O)N[C@@H](CCO)C(=O)N[C@H](C(=O)NCC(=O)N[C@@H](CCC(=O)O)C(=O)N[C@@H](Cc1ccccc1)C(=O)N[C@@H](CC(C)C)C(N)=O)[C@@H](C)O,27432,inactive
CHEMBL4784094,CC(=O)N[C@@H](CC(C)C)C(=O)N[C@@H](CC(=O)O)C(=O)N[C@@H](CCC(=O)O)C(=O)N[C@@H](Cc1ccc(O)c(O)c1)C(=O)N[C@H](C(=O)NCC(=O)N[C@@H](CCC(=O)O)C(=O)N[C@@H](Cc1ccccc1)C(=O)N[C@@H](CC(C)C)C(N)=O)[C@@H](C)O,30347,inactive
CHEMBL4748429,COc1ccc(C[C@H](NC(=O)[C@H](CCC(=O)O)NC(=O)[C@H](CC(=O)O)NC(=O)[C@H](CC(C)C)NC(C)=O)C(=O)N[C@H](C(=O)NCC(=O)N[C@@H](CCC(=O)O)C(=O)N[C@@H](Cc2ccccc2)C(=O)N[C@@H](CC(C)C)C(N)=O)[C@@H](C)O)cc1OC,27052,inactive
CHEMBL4794840,CC(=O)N[C@@H](CC(C)C)C(=O)N[C@@H](CC(=O)O)C(=O)N[C@@H](CCC(=O)O)C(=O)N[C@@H](Cc1ccncc1)C(=O)N[C@H](C(=O)NCC(=O)N[C@@H](CCC(=O)O)C(=O)N[C@@H](Cc1ccccc1)C(=O)N[C@@H](CC(C)C)C(N)=O)[C@@H](C)O,18310,inactive
CHEMBL4783243,CC(=O)N[C@@H](CC(C)C)C(=O)N[C@@H](CC(=O)O)C(=O)N[C@@H](CCC(=O)O)C(=O)N[C@@H](Cc1c[nH]c2ccc(O)cc12)C(=O)N[C@H](C(=O)NCC(=O)N[C@@H](CCC(=O)O)C(=O)N[C@@H](Cc1ccccc1)C(=O)N[C@@H](CC(C)C)C(N)=O)[C@@H](C)O,29569,inactive
CHEMBL4782442,CC(=O)N[C@@H](CC(C)C)C(=O)N[C@@H](CC(=O)O)C(=O)N[C@@H](CCC(=O)O)C(=O)N[C@@H](CCc1ccccc1)C(=O)N[C@H](C(=O)NCC(=O)N[C@@H](CCC(=O)O)C(=O)N[C@@H](Cc1ccccc1)C(=O)N[C@@H](CC(C)C)C(N)=O)[C@@H](C)O,64000,inactive
CHEMBL4791221,CC(=O)N[C@@H](CC(C)C)C(=O)N[C@@H](CC(=O)O)C(=O)N[C@@H](CCC(=O)O)C(=O)N[C@@H](Cc1ccc2ccccc2c1)C(=O)N[C@H](C(=O)NCC(=O)N[C@@H](CCC(=O)O)C(=O)N[C@@H](Cc1ccccc1)C(=O)N[C@@H](CC(C)C)C(N)=O)[C@@H](C)O,28346,inactive
CHEMBL4779152,CC(=O)N[C@@H](CC(C)C)C(=O)N[C@@H](CC(=O)O)C(=O)N[C@@H](CCC(=O)O)C(=O)N[C@@H](Cc1ccc(C(=O)c2ccccc2)cc1)C(=O)N[C@H](C(=O)NCC(=O)N[C@@H](CCC(=O)O)C(=O)N[C@@H](Cc1ccccc1)C(=O)N[C@@H](CC(C)C)C(N)=O)[C@@H](C)O,4571,intermediate
CHEMBL4747777,CC(=O)N[C@@H](CC(C)C)C(=O)N[C@@H](CC(=O)O)C(=O)N1C[C@@H](F)C[C@H]1C(=O)N[C@@H](CCC(=O)O)C(=O)N[C@@H](CO)C(=O)NCC(=O)N[C@@H](CCC(=O)O)C(=O)N[C@@H](Cc1ccccc1)C(=O)N[C@@H](CC(C)C)C(N)=O,207,active
CHEMBL4763685,CC[C@H](NC(=O)[C@H](CCC(=O)O)NC(=O)[C@@H]1C[C@H](F)CN1C(=O)[C@H](CC(=O)O)NC(=O)[C@H](CC(C)C)NC(C)=O)C(=O)NCC(=O)N[C@@H](CCC(=O)O)C(=O)N[C@@H](Cc1ccccc1)C(=O)N[C@@H](CC(C)C)C(N)=O,33180,inactive
CHEMBL4749322,CC(=O)N[C@@H](CC(C)C)C(=O)N[C@@H](CC(=O)O)C(=O)N1C[C@@H](F)C[C@H]1C(=O)N[C@@H](CCC(=O)O)C(=O)N[C@H](C(=O)NCC(=O)N[C@@H](CCC(=O)O)C(=O)N[C@@H](Cc1ccccc1)C(=O)N[C@@H](CC(C)C)C(N)=O)C(C)(C)O,192,active
CHEMBL4794380,CC[C@H](O)[C@H](NC(=O)[C@H](CCC(=O)O)NC(=O)[C@@H]1C[C@H](F)CN1C(=O)[C@H](CC(=O)O)NC(=O)[C@H](CC(C)C)NC(C)=O)C(=O)NCC(=O)N[C@@H](CCC(=O)O)C(=O)N[C@@H](Cc1ccccc1)C(=O)N[C@@H](CC(C)C)C(N)=O,1765,intermediate
CHEMBL4750676,CC(=O)N[C@@H](CC(C)C)C(=O)N[C@@H](CC(=O)O)C(=O)N1C[C@@H](F)C[C@H]1C(=O)N[C@@H](CCC(=O)O)C(=O)N[C@@H](Cc1ccccc1)C(=O)NCC(=O)N[C@@H](CCC(=O)O)C(=O)N[C@@H](Cc1ccccc1)C(=O)N[C@@H](CC(C)C)C(N)=O,64000,inactive
CHEMBL4760593,CC(=O)N[C@@H](CC(C)C)C(=O)N[C@@H](CC(=O)O)C(=O)N1C[C@@H](F)C[C@H]1C(=O)N[C@@H](CCC(=O)O)C(=O)N[C@H](C(=O)NCC(=O)N[C@@H](CCC(=O)O)C(=O)N[C@@H](Cc1ccccc1)C(=O)N[C@@H](CC(C)C)C(N)=O)C(O)c1ccccc1,14483,inactive
CHEMBL4786176,CC(=O)N[C@@H](CC(C)C)C(=O)N[C@@H](CC(=O)O)C(=O)N1C[C@@H](F)C[C@H]1C(=O)NCC(=O)N[C@H](C(=O)NCC(=O)N[C@@H](CCC(=O)O)C(=O)N[C@@H](Cc1ccccc1)C(=O)N[C@@H](CC(C)C)C(N)=O)[C@@H](C)O,15784,inactive
CHEMBL4752836,CC(=O)N[C@@H](CC(C)C)C(=O)N[C@@H](CC(=O)O)C(=O)N1C[C@@H](F)C[C@H]1C(=O)NCC(=O)N[C@H](C(=O)NCC(=O)N[C@@H](CCC(=O)O)C(=O)N[C@@H](Cc1ccccc1)C(=O)N[C@@H](CC(C)C)C(N)=O)[C@H](O)c1ccccc1,6076,intermediate
CHEMBL4757885,CC(=O)N[C@@H](CC(C)C)C(=O)N[C@@H](CC(=O)O)C(=O)N[C@@H](CCC(=O)O)C(=O)N[C@@H](CCC(=O)O)C(=O)N[C@H](C(=O)NCC(=O)N[C@@H](CCC(N)=O)C(=O)N[C@@H](Cc1ccccc1)C(=O)N[C@@H](CC(C)C)C(N)=O)[C@@H](C)O,21669,inactive
CHEMBL4790743,CC(=O)N[C@@H](CC(C)C)C(=O)N[C@@H](CC(=O)O)C(=O)N[C@@H](CCC(=O)O)C(=O)N[C@@H](CCC(=O)O)C(=O)N[C@H](C(=O)NCC(=O)N[C@@H](Cc1ccc(O)cc1)C(=O)N[C@@H](Cc1ccccc1)C(=O)N[C@@H](CC(C)C)C(N)=O)[C@@H](C)O,37272,inactive
CHEMBL4747374,CC(=O)N[C@@H](CC(C)C)C(=O)N[C@@H](CC(=O)O)C(=O)N[C@@H](CCC(=O)O)C(=O)N[C@@H](CCC(=O)O)C(=O)N[C@H](C(=O)NCC(=O)N[C@@H](CCO)C(=O)N[C@@H](Cc1ccccc1)C(=O)N[C@@H](CC(C)C)C(N)=O)[C@@H](C)O,50000,inactive
CHEMBL4762715,CC(=O)N[C@@H](CC(C)C)C(=O)N[C@@H](CC(=O)O)C(=O)N[C@@H](CCC(=O)O)C(=O)N[C@@H](CCC(=O)O)C(=O)N[C@H](C(=O)NCC(=O)N[C@@H](CCCCCO)C(=O)N[C@@H](Cc1ccccc1)C(=O)N[C@@H](CC(C)C)C(N)=O)[C@@H](C)O,56423,inactive
CHEMBL4781185,CC(=O)N[C@@H](CC(C)C)C(=O)N[C@@H](CC(=O)O)C(=O)N[C@@H](CCC(=O)O)C(=O)N[C@@H](CCC(=O)O)C(=O)N[C@H](C(=O)NCC(=O)N[C@@H](Cc1ccc(C(N)=O)cc1)C(=O)N[C@@H](Cc1ccccc1)C(=O)N[C@@H](CC(C)C)C(N)=O)[C@@H](C)O,64000,inactive
CHEMBL4746072,CC(=O)N[C@@H](CC(C)C)C(=O)N[C@@H](CC(=O)O)C(=O)N[C@@H](CCC(=O)O)C(=O)N[C@@H](CCC(=O)O)C(=O)N[C@H](C(=O)NCC(=O)N[C@@H](Cc1cccc(F)c1)C(=O)N[C@@H](Cc1ccccc1)C(=O)N[C@@H](CC(C)C)C(N)=O)[C@@H](C)O,6245,intermediate
CHEMBL4779325,CC(=O)N[C@@H](CC(C)C)C(=O)N[C@@H](CC(=O)O)C(=O)N1C[C@@H](F)C[C@H]1C(=O)N[C@@H](CCC(=O)O)C(=O)N[C@H](C(=O)NCC(=O)N[C@H](C(=O)N[C@@H](Cc1ccccc1)C(=O)N[C@@H](CC(C)C)C(N)=O)c1ccccc1)[C@@H](C)O,6062,intermediate
CHEMBL4777748,CC(=O)N[C@@H](CC(C)C)C(=O)N[C@@H](CC(=O)O)C(=O)N1C[C@@H](F)C[C@H]1C(=O)N[C@@H](CCC(=O)O)C(=O)N[C@H](C(=O)NCC(=O)N[C@H](C(=O)N[C@@H](Cc1ccccc1)C(=O)N[C@@H](CC(C)C)C(N)=O)c1cc(F)cc(F)c1)[C@@H](C)O,1037,intermediate
CHEMBL4778030,C[C@@H](O)[C@@H]1NC(=O)[C@H](CCC(=O)O)NC(=O)[C@@H]2C[C@H](F)CN2C(=O)[C@H](CC(=O)O)NC(=O)CNC(=O)[C@H](CCC(=O)O)NC(=O)CNC1=O,486,active
CHEMBL4742010,CC(=O)NCC(=O)N[C@@H](CC(=O)O)C(=O)N1C[C@@H](F)C[C@H]1C(=O)N[C@@H](CCC(=O)O)C(=O)N[C@H](C(=O)NCC(=O)N[C@@H](CCC(=O)O)C(N)=O)[C@@H](C)O,1594,intermediate
CHEMBL4797908,C[C@H]1NC(=O)[C@H]([C@@H](C)O)NC(=O)[C@H](CCC(=O)O)NC(=O)[C@@H]2C[C@H](F)CN2C(=O)[C@H](CC(=O)O)NC(=O)CNC(=O)[C@H](CCC(=O)O)NC1=O,14501,inactive
CHEMBL4793306,C[C@@H](O)[C@@H]1NC(=O)[C@H](CCC(=O)O)NC(=O)[C@@H]2C[C@H](F)CN2C(=O)[C@H](CC(=O)O)C(=O)[C@H]2CCCN2C(=O)[C@H](CCC(=O)O)NC(=O)CNC1=O,4302,intermediate
CHEMBL4757211,C[C@@H](O)[C@@H]1NC(=O)[C@H](CCC(=O)O)NC(=O)[C@@H]2C[C@H](F)CN2C(=O)[C@H](CC(=O)O)C(=O)[C@@H]2CCCN2C(=O)[C@H](CCC(=O)O)NC(=O)CNC1=O,18383,inactive
CHEMBL4760005,CC(=O)N[C@H]1CSSC[C@@H](C(N)=O)NC(=O)[C@H](CCC(=O)O)NC(=O)CNC(=O)[C@H]([C@@H](C)O)NC(=O)[C@H](CCC(=O)O)NC(=O)[C@@H]2C[C@H](F)CN2C(=O)[C@H](CC(=O)O)NC1=O,55,active
CHEMBL4786657,CC(=O)N[C@H]1CC(=O)NC[C@@H](C(N)=O)NC(=O)[C@H](CCC(=O)O)NC(=O)CNC(=O)[C@H]([C@@H](C)O)NC(=O)[C@H](CCC(=O)O)NC(=O)[C@@H]2C[C@H](F)CN2C(=O)[C@H](CC(=O)O)NC1=O,1691,intermediate
CHEMBL4760303,CC(=O)N[C@H]1CCC(=O)NC[C@@H](C(N)=O)NC(=O)[C@H](CCC(=O)O)NC(=O)CNC(=O)[C@H]([C@@H](C)O)NC(=O)[C@H](CCC(=O)O)NC(=O)[C@@H]2C[C@H](F)CN2C(=O)[C@H](CC(=O)O)NC1=O,11,active
CHEMBL4785587,CC(=O)N[C@H]1CCC(=O)NCC[C@@H](C(N)=O)NC(=O)[C@H](CCC(=O)O)NC(=O)CNC(=O)[C@H]([C@@H](C)O)NC(=O)[C@H](CCC(=O)O)NC(=O)[C@@H]2C[C@H](F)CN2C(=O)[C@H](CC(=O)O)NC1=O,44,active
CHEMBL4754751,CC(=O)N[C@H]1CCCCn2cc(nn2)C[C@@H](C(N)=O)NC(=O)[C@H](CCC(=O)O)NC(=O)CNC(=O)[C@H]([C@@H](C)O)NC(=O)[C@H](CCC(=O)O)NC(=O)[C@@H]2C[C@H](F)CN2C(=O)[C@H](CC(=O)O)NC1=O,34,active
CHEMBL4778658,CC(=O)N[C@H]1Cc2cn(nn2)CCCC[C@@H](C(N)=O)NC(=O)[C@H](CCC(=O)O)NC(=O)CNC(=O)[C@H]([C@@H](C)O)NC(=O)[C@H](CCC(=O)O)NC(=O)[C@@H]2C[C@H](F)CN2C(=O)[C@H](CC(=O)O)NC1=O,91,active
CHEMBL4762247,CC(=O)N[C@H]1Cn2cc(nn2)C[C@@H](C(N)=O)NC(=O)[C@H](CCC(=O)O)NC(=O)CNC(=O)[C@H]([C@@H](C)O)NC(=O)[C@H](CCC(=O)O)NC(=O)[C@@H]2C[C@H](F)CN2C(=O)[C@H](CC(=O)O)NC1=O,4032,intermediate
CHEMBL4794133,CC(=O)N[C@H]1CCn2cc(nn2)C[C@@H](C(N)=O)NC(=O)[C@H](CCC(=O)O)NC(=O)CNC(=O)[C@H]([C@@H](C)O)NC(=O)[C@H](CCC(=O)O)NC(=O)[C@@H]2C[C@H](F)CN2C(=O)[C@H](CC(=O)O)NC1=O,16,active
CHEMBL4793109,C[C@@H](O)[C@@H]1NC(=O)[C@H](CCC(=O)O)NC(=O)[C@@H]2C[C@H](F)CN2C(=O)[C@H](CC(=O)O)NC(=O)CCCn2cc(nn2)CCNC(=O)[C@H](CCC(=O)O)NC(=O)CNC1=O,180,active
CHEMBL4743599,CC(=O)N[C@H]1C/C=C/C[C@@H](C(N)=O)NC(=O)[C@H](CCC(=O)O)NC(=O)CNC(=O)[C@H]([C@@H](C)O)NC(=O)[C@H](CCC(=O)O)NC(=O)[C@@H]2C[C@H](F)CN2C(=O)[C@H](CC(=O)O)NC1=O,430,active
CHEMBL4759189,CC(=O)N[C@H]1CCCC[C@@H](C(N)=O)NC(=O)[C@H](CCC(=O)O)NC(=O)CNC(=O)[C@H]([C@@H](C)O)NC(=O)[C@H](CCC(=O)O)NC(=O)[C@@H]2C[C@H](F)CN2C(=O)[C@H](CC(=O)O)NC1=O,107.3,active
CHEMBL4756985,CC[C@H](C)[C@H](NC(=O)[C@H](CC(C)C)NC(=O)[C@@H]1CCCN1)C(=O)N[C@@H](CC(C)C)C(=O)N[C@@H](CC(C)C)C(=O)N[C@@H](CCCNC(=N)N)C(=O)N[C@@H](CC(C)C)C(=O)N[C@@H](CC(C)C)C(=O)N[C@@H](CCCNC(=N)N)C(=O)NCC(=O)N[C@@H](CCC(N)=O)C(=O)N[C@@H](Cc1ccccc1)C(=O)N[C@@H](CC(C)C)C(=O)N[C@@H](CC(=O)O)C(=O)N1C[C@@H](F)C[C@H]1C(=O)N[C@@H](CCC(=O)O)C(=O)N[C@H](C(=O)NCC(=O)N[C@@H](Cc1cc(F)cc(F)c1)C(=O)N[C@@H](Cc1ccccc1)C(=O)N[C@@H](CC(C)C)C(N)=O)[C@@H](C)O,55,active
CHEMBL4792032,CC(C)C[C@H](NC(=O)[C@H](Cc1ccccc1)NC(=O)[C@H](Cc1cc(F)cc(F)c1)NC(=O)CNC(=O)[C@@H](NC(=O)[C@H](CCC(=O)O)NC(=O)[C@@H]1C[C@H](F)CN1C(=O)[C@H](CC(=O)O)NC(=O)[C@H](CC(C)C)NC(=O)CNC(=O)[C@@H](NC(=O)[C@@H]1CCCN1C(=O)[C@H](CCCNC(=N)N)NC(=O)[C@H](CC(C)C)NC(=O)[C@H](CS)NC(=O)[C@@H](N)CC(C)C)C(C)C)[C@@H](C)O)C(N)=O,11,active
CHEMBL4750320,CC[C@H](C)[C@H](NC(=O)[C@H](CCCCN)NC(=O)[C@@H](NC(=O)[C@H](CCC(N)=O)NC(=O)[C@@H](N)CCCNC(=N)N)[C@@H](C)CC)C(=O)N[C@@H](Cc1c[nH]c2ccccc12)C(=O)N[C@@H](Cc1ccccc1)C(=O)N[C@@H](CCC(N)=O)C(=O)N[C@@H](CC(N)=O)C(=O)N[C@@H](CCCNC(=N)N)C(=O)N[C@@H](CCCNC(=N)N)C(=O)N[C@@H](CCSC)C(=O)N[C@@H](CCCCN)C(=O)N[C@@H](Cc1c[nH]c2ccccc12)C(=O)N[C@@H](CCCCN)C(=O)N[C@@H](CCCCN)C(=O)N[C@@H](CC(C)C)C(=O)N[C@@H](CC(=O)O)C(=O)N1C[C@@H](F)C[C@H]1C(=O)N[C@@H](CCC(=O)O)C(=O)N[C@H](C(=O)NCC(=O)N[C@@H](Cc1cc(F)cc(F)c1)C(=O)N[C@@H](Cc1ccccc1)C(=O)N[C@@H](CC(C)C)C(N)=O)[C@@H](C)O,30,active
CHEMBL4751630,CC(C)C[C@H](NC(=O)[C@H](Cc1ccccc1)NC(=O)[C@H](Cc1cc(F)cc(F)c1)NC(=O)CNC(=O)[C@@H](NC(=O)[C@H](CCC(=O)O)NC(=O)[C@@H]1C[C@H](F)CN1C(=O)[C@H](CC(=O)O)NC(=O)[C@H](CC(C)C)NC(=O)[C@H](CCCNC(=N)N)NC(=O)[C@H](CCCNC(=N)N)NC(=O)[C@H](CCCNC(=N)N)NC(=O)[C@H](CCC(N)=O)NC(=O)[C@H](CCCNC(=N)N)NC(=O)[C@H](CCCNC(=N)N)NC(=O)[C@H](CCCCN)NC(=O)[C@H](CCCCN)NC(=O)[C@H](CCCNC(=N)N)NC(=O)CNC(=O)[C@@H](N)Cc1ccc(O)cc1)[C@@H](C)O)C(N)=O,20,active
CHEMBL4788462,CC(C)C[C@H](NC(=O)[C@H](Cc1ccccc1)NC(=O)[C@H](Cc1cc(F)cc(F)c1)NC(=O)CNC(=O)[C@@H](NC(=O)[C@H](CCC(=O)O)NC(=O)[C@@H]1C[C@H](F)CN1C(=O)[C@H](CC(=O)O)NC(=O)[C@H](CC(C)C)NC(=O)[C@H](CCCNC(=N)N)NC(=O)[C@H](CCCNC(=N)N)NC(=O)[C@H](CCCNC(=N)N)NC(=O)[C@H](CCCNC(=N)N)NC(=O)[C@H](CCCNC(=N)N)NC(=O)[C@H](CCCNC(=N)N)NC(=O)[C@H](CCCNC(=N)N)NC(=O)[C@H](CCCNC(=N)N)NC(=O)[C@@H](N)CCCNC(=N)N)[C@@H](C)O)C(N)=O,24,active
CHEMBL4748504,CC[C@H](C)[C@H](NC(=O)[C@H](CO)NC(=O)[C@H](C)NC(=O)[C@@H](N)CCSC)C(=O)N[C@@H](Cc1c[nH]c2ccccc12)C(=O)N[C@H](C(=O)NCC(=O)N[C@@H](Cc1c[nH]cn1)C(=O)N[C@@H](CCCNC(=N)N)C(=O)NCC(=O)N[C@@H](CC(C)C)C(=O)N[C@@H](CC(=O)O)C(=O)N1C[C@@H](F)C[C@H]1C(=O)N[C@@H](CCC(=O)O)C(=O)N[C@H](C(=O)NCC(=O)N[C@@H](Cc1cc(F)cc(F)c1)C(=O)N[C@@H](Cc1ccccc1)C(=O)N[C@@H](CC(C)C)C(N)=O)[C@@H](C)O)C(C)C,101,active
CHEMBL4756743,CC[C@H](C)[C@H](NC(=O)[C@H](CC(C)C)NC(=O)N1CCC[C@H]1C(N)=O)C(=O)N[C@@H](CC(C)C)C(=O)N[C@@H](CC(C)C)C(=O)N[C@@H](CCCNC(=N)N)C(=O)N[C@@H](CC(C)C)C(=O)N[C@@H](CC(C)C)C(=O)N[C@@H](CCCNC(=N)N)C(=O)NCC(=O)N[C@@H](CCC(N)=O)C(=O)N[C@@H](Cc1ccccc1)C(=O)N[C@H]1CCC(=O)NC[C@@H](C(N)=O)NC(=O)[C@H](CCC(=O)O)NC(=O)CNC(=O)[C@H]([C@@H](C)O)NC(=O)[C@H](CCC(=O)O)NC(=O)[C@@H]2C[C@H](F)CN2C(=O)[C@H](CC(=O)O)NC1=O,7.5,active
CHEMBL4790062,CC(C)C[C@H](NC(=O)[C@H](CS)NC(=O)[C@@H](N)CC(C)C)C(=O)N[C@@H](CCCNC(=N)N)C(=O)N1CCC[C@H]1C(=O)N[C@H](C(=O)NCC(=O)N[C@H]1CCC(=O)NC[C@@H](C(N)=O)NC(=O)[C@H](CCC(=O)O)NC(=O)CNC(=O)[C@H]([C@@H](C)O)NC(=O)[C@H](CCC(=O)O)NC(=O)[C@@H]2C[C@H](F)CN2C(=O)[C@H](CC(=O)O)NC1=O)C(C)C,4.8,active
CHEMBL4781886,CC[C@H](C)[C@H](NC(=O)[C@H](CCCCN)NC(=O)[C@@H](NC(=O)[C@H](CCC(N)=O)NC(=O)[C@@H](N)CCCNC(=N)N)[C@@H](C)CC)C(=O)N[C@@H](Cc1c[nH]c2ccccc12)C(=O)N[C@@H](Cc1ccccc1)C(=O)N[C@@H](CCC(N)=O)C(=O)N[C@@H](CC(N)=O)C(=O)N[C@@H](CCCNC(=N)N)C(=O)N[C@@H](CCCNC(=N)N)C(=O)N[C@@H](CCSC)C(=O)N[C@@H](CCCCN)C(=O)N[C@@H](Cc1c[nH]c2ccccc12)C(=O)N[C@@H](CCCCN)C(=O)N[C@@H](CCCCN)C(=O)N[C@H]1CCC(=O)NC[C@@H](C(N)=O)NC(=O)[C@H](CCC(=O)O)NC(=O)CNC(=O)[C@H]([C@@H](C)O)NC(=O)[C@H](CCC(=O)O)NC(=O)[C@@H]2C[C@H](F)CN2C(=O)[C@H](CC(=O)O)NC1=O,4.8,active
CHEMBL4791554,C[C@@H](O)[C@@H]1NC(=O)[C@H](CCC(=O)O)NC(=O)[C@@H]2C[C@H](F)CN2C(=O)[C@H](CC(=O)O)NC(=O)[C@@H](NC(=O)[C@H](CCCNC(=N)N)NC(=O)[C@H](CCCNC(=N)N)NC(=O)[C@H](CCCNC(=N)N)NC(=O)[C@H](CCC(N)=O)NC(=O)[C@H](CCCNC(=N)N)NC(=O)[C@H](CCCNC(=N)N)NC(=O)[C@H](CCCCN)NC(=O)[C@H](CCCCN)NC(=O)[C@H](CCCNC(=N)N)NC(=O)CNC(=O)[C@@H](N)Cc2ccc(O)cc2)CCC(=O)NC[C@@H](C(N)=O)NC(=O)[C@H](CCC(=O)O)NC(=O)CNC1=O,3.1,active
CHEMBL4764193,C[C@@H](O)[C@@H]1NC(=O)[C@H](CCC(=O)O)NC(=O)[C@@H]2C[C@H](F)CN2C(=O)[C@H](CC(=O)O)NC(=O)[C@@H](NC(=O)[C@H](CCCNC(=N)N)NC(=O)[C@H](CCCNC(=N)N)NC(=O)[C@H](CCCNC(=N)N)NC(=O)[C@H](CCCNC(=N)N)NC(=O)[C@H](CCCNC(=N)N)NC(=O)[C@H](CCCNC(=N)N)NC(=O)[C@H](CCCNC(=N)N)NC(=O)[C@H](CCCNC(=N)N)NC(=O)[C@@H](N)CCCNC(=N)N)CCC(=O)NC[C@@H](C(N)=O)NC(=O)[C@H](CCC(=O)O)NC(=O)CNC1=O,3.4,active
CHEMBL4785277,CC[C@H](C)[C@H](NC(=O)[C@H](CO)NC(=O)[C@H](C)NC(=O)[C@@H](N)CCSC)C(=O)N[C@@H](Cc1c[nH]c2ccccc12)C(=O)N[C@H](C(=O)NCC(=O)N[C@@H](Cc1c[nH]cn1)C(=O)N[C@@H](CCCNC(=N)N)C(=O)NCC(=O)N[C@H]1CCC(=O)NC[C@@H](C(N)=O)NC(=O)[C@H](CCC(=O)O)NC(=O)CNC(=O)[C@H]([C@@H](C)O)NC(=O)[C@H](CCC(=O)O)NC(=O)[C@@H]2C[C@H](F)CN2C(=O)[C@H](CC(=O)O)NC1=O)C(C)C,26,active
CHEMBL4755277,CC[C@H](C)[C@H](NC(=O)[C@H](CC(C)C)N1CCC[C@H]1C(N)=O)C(=O)N[C@@H](CC(C)C)C(=O)N[C@@H](CC(C)C)C(=O)N[C@@H](CCCNC(=N)N)C(=O)N[C@@H](CC(C)C)C(=O)N[C@@H](CC(C)C)C(=O)N[C@@H](CCCNC(=N)N)C(=O)NCC(=O)N[C@@H](CCC(N)=O)C(=O)N[C@@H](Cc1ccccc1)C(=O)N[C@H]1CCn2cc(nn2)C[C@@H](C(N)=O)NC(=O)[C@H](CCC(=O)O)NC(=O)CNC(=O)[C@H]([C@@H](C)O)NC(=O)[C@H](CCC(=O)O)NC(=O)[C@@H]2C[C@H](F)CN2C(=O)[C@H](CC(=O)O)NC1=O,4.7,active
CHEMBL4788971,CC(C)C[C@H](NC(=O)[C@H](CS)NC(=O)[C@@H](N)CC(C)C)C(=O)N[C@@H](CCCNC(=N)N)C(=O)N1CCC[C@H]1C(=O)N[C@H](C(=O)NCC(=O)N[C@H]1CCn2cc(nn2)C[C@@H](C(N)=O)NC(=O)[C@H](CCC(=O)O)NC(=O)CNC(=O)[C@H]([C@@H](C)O)NC(=O)[C@H](CCC(=O)O)NC(=O)[C@@H]2C[C@H](F)CN2C(=O)[C@H](CC(=O)O)NC1=O)C(C)C,3.6,active
CHEMBL4747827,CC[C@H](C)[C@H](NC(=O)[C@H](CCCCN)NC(=O)[C@@H](NC(=O)[C@H](CCC(N)=O)NC(=O)[C@@H](N)CCCNC(=N)N)[C@@H](C)CC)C(=O)N[C@@H](Cc1c[nH]c2ccccc12)C(=O)N[C@@H](Cc1ccccc1)C(=O)N[C@@H](CCC(N)=O)C(=O)N[C@@H](CC(N)=O)C(=O)N[C@@H](CCCNC(=N)N)C(=O)N[C@@H](CCCNC(=N)N)C(=O)N[C@@H](CCSC)C(=O)N[C@@H](CCCCN)C(=O)N[C@@H](Cc1c[nH]c2ccccc12)C(=O)N[C@@H](CCCCN)C(=O)N[C@@H](CCCCN)C(=O)N[C@H]1CCn2cc(nn2)C[C@@H](C(N)=O)NC(=O)[C@H](CCC(=O)O)NC(=O)CNC(=O)[C@H]([C@@H](C)O)NC(=O)[C@H](CCC(=O)O)NC(=O)[C@@H]2C[C@H](F)CN2C(=O)[C@H](CC(=O)O)NC1=O,4.2,active
CHEMBL4747964,C[C@@H](O)[C@@H]1NC(=O)[C@H](CCC(=O)O)NC(=O)[C@@H]2C[C@H](F)CN2C(=O)[C@H](CC(=O)O)NC(=O)[C@@H](NC(=O)[C@H](CCCNC(=N)N)NC(=O)[C@H](CCCNC(=N)N)NC(=O)[C@H](CCCNC(=N)N)NC(=O)[C@H](CCC(N)=O)NC(=O)[C@H](CCCNC(=N)N)NC(=O)[C@H](CCCNC(=N)N)NC(=O)[C@H](CCCCN)NC(=O)[C@H](CCCCN)NC(=O)[C@H](CCCNC(=N)N)NC(=O)CNC(=O)[C@@H](N)Cc2ccc(O)cc2)CCn2cc(nn2)C[C@@H](C(N)=O)NC(=O)[C@H](CCC(=O)O)NC(=O)CNC1=O,3,active
CHEMBL4740349,C[C@@H](O)[C@@H]1NC(=O)[C@H](CCC(=O)O)NC(=O)[C@@H]2C[C@H](F)CN2C(=O)[C@H](CC(=O)O)NC(=O)[C@@H](NC(=O)[C@H](CCCNC(=N)N)NC(=O)[C@H](CCCNC(=N)N)NC(=O)[C@H](CCCNC(=N)N)NC(=O)[C@H](CCCNC(=N)N)NC(=O)[C@H](CCCNC(=N)N)NC(=O)[C@H](CCCNC(=N)N)NC(=O)[C@H](CCCNC(=N)N)NC(=O)[C@H](CCCNC(=N)N)NC(=O)[C@@H](N)CCCNC(=N)N)CCn2cc(nn2)C[C@@H](C(N)=O)NC(=O)[C@H](CCC(=O)O)NC(=O)CNC1=O,7.4,active
CHEMBL4740544,CC[C@H](C)[C@H](NC(=O)[C@H](CO)NC(=O)[C@H](C)NC(=O)[C@@H](N)CCSC)C(=O)N[C@@H](Cc1c[nH]c2ccccc12)C(=O)N[C@H](C(=O)NCC(=O)N[C@@H](Cc1c[nH]cn1)C(=O)N[C@@H](CCCNC(=N)N)C(=O)NCC(=O)N[C@H]1CCn2cc(nn2)C[C@@H](C(N)=O)NC(=O)[C@H](CCC(=O)O)NC(=O)CNC(=O)[C@H]([C@@H](C)O)NC(=O)[C@H](CCC(=O)O)NC(=O)[C@@H]2C[C@H](F)CN2C(=O)[C@H](CC(=O)O)NC1=O)C(C)C,17,active
CHEMBL5176959,C[C@@H](O)[C@@H]1NC(=O)[C@H](CCC(=O)O)NC(=O)[C@H](CO)NC(=O)[C@H](CC(=O)O)NC(=O)[C@@H](N)Cc2ccc(cc2)OCCSC[C@@H](C(=O)O)NC(=O)[C@H](CCC(=O)O)NC(=O)CNC1=O,2.8,active
