,molecule_chembl_id,canonical_smiles,standard_value,class
0,CHEMBL2402207,COc1ccc(S(=O)(=O)Nc2ccc(NS(=O)(=O)c3ccc(OC)cc3)c3ccccc23)cc1,2700,intermediate
1,CHEMBL2402206,Cc1ccc(S(=O)(=O)c2cnc(SCC(=O)Nc3ccccc3C(F)(F)F)[nH]c2=O)c(C)c1,118000,inactive
2,CHEMBL2402205,CC(C)C[C@H](NC(=O)[C@H](Cc1ccccc1)NC(=O)[C@H](CCC(=O)O)NC(=O)CNC(=O)[C@@H](NC(=O)[C@H](CCC(=O)O)NC(=O)[C@H](CCC(=O)O)NC(=O)[C@H](CC(=O)O)NC(=O)[C@H](CC(C)C)NC(=O)[C@H](CCC(N)=O)NC(=O)[C@H](CC(C)C)NC(=O)[C@H](CCC(N)=O)NC(=O)[C@H](C)NC(=O)[C@H](Cc1ccccc1)NC(=O)[C@H](Cc1ccccc1)NC(=O)[C@H](C)N)[C@@H](C)O)C(=O)O,33,active
3,CHEMBL3237245,COc1ccc(S(=O)(=O)N(CC(=O)O)c2ccc(N(CC(=O)O)S(=O)(=O)c3ccc(OC)cc3)c3ccccc23)cc1,20,active
4,CHEMBL3632699,COc1cccc(S(=O)(=O)Nc2ccc(NS(=O)(=O)c3cccc(OC)c3)c3ccccc23)c1,2300,intermediate
5,CHEMBL3632707,CCOC(=O)CN(c1ccc(N(CC(=O)OCC)S(=O)(=O)c2ccc(OC)cc2)c2ccccc12)S(=O)(=O)c1ccc(OC)cc1,250000,inactive
6,CHEMBL3632711,COc1ccc(S(=O)(=O)N(CC(N)=O)c2ccc(N(CC(N)=O)S(=O)(=O)c3ccc(OC)cc3)c3ccccc23)cc1,44,active
7,CHEMBL3632882,CCOC(=O)CN(c1ccc(NS(=O)(=O)c2ccc(OC)cc2)c2ccccc12)S(=O)(=O)c1ccc(OC)cc1,400,active
8,CHEMBL3617852,COc1ccc(S(=O)(=O)Nc2ccc(N(CC(=O)O)S(=O)(=O)c3ccc(OC)cc3)c3ccccc23)cc1,110,active
9,CHEMBL3818085,CN(Cc1cc([C@H](CC(=O)O)c2ccc3c(c2)nnn3C)ccc1Cl)S(=O)(=O)c1ccccc1,270,active
10,CHEMBL3819169,CN(Cc1cc(C(CC(=O)O)c2ccc3c(c2)nnn3C)ccc1Cl)S(C)(=O)=O,3400,intermediate
11,CHEMBL3819386,Cn1nnc2cc(C(CC(=O)O)c3ccc(Cl)cc3)ccc21,61000,inactive
12,CHEMBL3819037,O=C(O)CCc1ccc(Cl)cc1,1000000,inactive
13,CHEMBL3827061,Cc1nc(-c2ccccc2)sc1S(=O)(=O)Nc1ccc(N2CC[C@@H](C(=O)O)C2)c2ccccc12,400,active
14,CHEMBL3827496,Cc1cc(C)c(C)c(S(=O)(=O)Nc2ccc(N3CC[C@@H](C(=O)O)C3)c3ncccc23)c1C,700,active
15,CHEMBL3826983,COc1cc(C)ccc1S(=O)(=O)Nc1ccc(N2CC[C@@H](C(=O)O)C2)c2ccccc12,5400,intermediate
16,CHEMBL3827630,Cc1c(S(=O)(=O)Nc2ccc(N3CC[C@@H](C(=O)O)C3)c3ccccc23)sc2ccc(Cl)cc12,200,active
17,CHEMBL3827626,Cc1cc(C)c(C)c(S(=O)(=O)Nc2ccc(N3CC[C@@H](C(=O)O)C3)c3ccccc23)c1C,100,active
18,CHEMBL3827019,Cc1cc(C)c(C)c(S(=O)(=O)Nc2ccc(N3CCC(C(=O)O)C3)c3ccccc23)c1C,200,active
19,CHEMBL3913014,CC(=O)N[C@H]1CSSC[C@@H](C(=O)O)NC(=O)[C@H](CC(C)C)NC(=O)[C@H](Cc2ccc(O)cc2)NC(=O)[C@H](CCC(=O)O)NC(=O)CNC(=O)[C@H]([C@@H](C)O)NC(=O)[C@H](CCC(=O)O)NC(=O)[C@@H]2CCCN2C(=O)[C@H](CC(=O)O)NC(=O)[C@H](CC(C)C)NC1=O,9.45,active
20,CHEMBL3982888,CC(=O)N[C@@H](CC(C)C)C(=O)N[C@@H](CC(=O)O)C(=O)N1CCC[C@H]1C(=O)N[C@@H](CCC(=O)O)C(=O)N[C@H](C(=O)NCC(=O)N[C@@H](CCC(=O)O)C(=O)N[C@@H](Cc1ccc(O)cc1)C(=O)N[C@@H](CC(C)C)C(=O)O)[C@@H](C)O,29.6,active
21,CHEMBL3928693,CC(=O)N[C@@H](CC(=O)O)C(=O)N1CCC[C@H]1C(=O)N[C@@H](CCC(=O)O)C(=O)N[C@H](C(=O)NCC(=O)N[C@@H](CCC(=O)O)C(=O)N[C@@H](CC(C)C)C(=O)O)[C@@H](C)O,115,active
22,CHEMBL3967367,CC(=O)N[C@@H](CC(=O)O)C(=O)N[C@@H](CCC(=O)O)C(=O)N[C@@H](CCC(=O)O)C(=O)N[C@H](C(=O)NCC(=O)N[C@@H](CCC(=O)O)C(=O)N[C@@H](Cc1ccccc1)C(=O)N[C@@H](CC(C)C)C(=O)O)[C@@H](C)O,5390,intermediate
23,CHEMBL3890847,Cc1cccc2c1CCN(C(=O)[C@@H]1CCCC[C@@H]1C(=O)O)[C@@H]2CN1Cc2ccccc2C1=O,750,active
24,CHEMBL3970907,CC(=O)N[C@@H](CC(=O)O)C(=O)N[C@@H](C)C(=O)N[C@@H](CCC(=O)O)C(=O)N[C@H](C(=O)NCC(=O)N[C@@H](CCC(=O)O)C(=O)N[C@@H](Cc1ccccc1)C(=O)O)[C@@H](C)O,730,active
25,CHEMBL3134422,CC(=O)N[C@@H](CC(C)C)C(=O)N[C@@H](CC(=O)O)C(=O)N[C@@H](CCC(=O)O)C(=O)N[C@@H](CCC(=O)O)C(=O)N[C@H](C(=O)NCC(=O)N[C@@H](CCC(=O)O)C(=O)N[C@@H](Cc1ccccc1)C(=O)N[C@@H](CC(C)C)C(N)=O)[C@@H](C)O,194,active
26,CHEMBL3975863,CC(C)C[C@H](NC(=O)[C@H](Cc1ccccc1)NC(=O)[C@H](CCC(=O)O)NC(=O)CNC(=O)[C@@H](NC(=O)[C@H](CCC(=O)O)NC(=O)[C@H](CCC(=O)O)NC(=O)[C@H](CC(=O)O)NC(=O)[C@@H](N)CC(C)C)[C@@H](C)O)C(N)=O,3570,intermediate
27,CHEMBL3965115,CC(=O)N[C@@H](CC(C)C)C(=O)N[C@@H](CC(=O)O)C(=O)N1CCC[C@H]1C(=O)N[C@@H](CCC(=O)O)C(=O)N[C@H](C(=O)NCC(=O)N[C@@H](CCC(=O)O)C(=O)N[C@@H](Cc1ccccc1)C(=O)N[C@@H](CC(C)C)C(=O)O)[C@@H](C)O,42.6,active
28,CHEMBL3908796,CC(=O)N[C@@H](CC(=O)O)C(=O)N1CCC[C@H]1C(=O)N[C@@H](CCC(=O)O)C(=O)N[C@H](C(=O)NCC(=O)N[C@@H](CCC(=O)O)C(=O)N[C@@H](Cc1ccccc1)C(=O)O)[C@@H](C)O,248,active
29,CHEMBL4077198,CCOc1ccc(S(=O)(=O)Nc2cc3c(C(=O)NO)c(C)n(S(=O)(=O)c4ccc(OCC)cc4)c3c3ccccc23)cc1,200,active
30,CHEMBL4083845,CCOc1ccc(S(=O)(=O)Nc2cc3c(C(=O)NN)c(C)n(S(=O)(=O)c4ccc(OCC)cc4)c3c3ccccc23)cc1,160,active
31,CHEMBL4062108,CNNC(=O)c1c(C)n(S(=O)(=O)c2ccc(OC)cc2)c2c1cc(NS(=O)(=O)c1ccc(OC)cc1)c1ccccc12,290,active
32,CHEMBL4091619,COc1ccc(S(=O)(=O)Nc2cc3c(C(=O)NNc4ccccc4)c(C)n(S(=O)(=O)c4ccc(OC)cc4)c3c3ccccc23)cc1,180,active
33,CHEMBL4070735,COc1ccc(S(=O)(=O)Nc2cc3c(C(=O)NNc4ccc([N+](=O)[O-])cc4)c(C)n(S(=O)(=O)c4ccc(OC)cc4)c3c3ccccc23)cc1,260,active
34,CHEMBL4099355,COc1ccc(NNC(=O)c2c(C)n(S(=O)(=O)c3ccc(OC)cc3)c3c2cc(NS(=O)(=O)c2ccc(OC)cc2)c2ccccc23)cc1,170,active
35,CHEMBL4159153,O=C(O)[C@H]1CCC[C@H]1C(=O)N1CCc2ccccc2[C@H]1CN1C(=O)c2ccccc2C1=O,2200,intermediate
36,CHEMBL4166378,O=C(O)[C@H]1CC[C@H]1C(=O)N1CCc2ccccc2[C@H]1CN1C(=O)c2ccccc2C1=O,8000,intermediate
37,CHEMBL4174294,O=C(O)[C@H]1C[C@H]1C(=O)N1CCc2ccccc2[C@H]1CN1C(=O)c2ccccc2C1=O,20800,inactive
38,CHEMBL4162919,O=C(O)[C@H]1CCNC[C@H]1C(=O)N1CCc2ccccc2[C@H]1CN1C(=O)c2ccccc2C1=O,69700,inactive
39,CHEMBL2381968,O=C(O)[C@H]1CCCC[C@H]1C(=O)N1CCc2ccccc2[C@H]1CN1C(=O)c2ccccc2C1=O,1100,intermediate
40,CHEMBL4159561,O=C(O)[C@H]1CCCC[C@H]1C(=O)N1CCc2ccccc2[C@H]1CN1C(=O)CCC1=O,1200,intermediate
41,CHEMBL4167472,O=C1c2ccccc2C(=O)N1C[C@@H]1c2ccccc2CCN1C(=O)[C@@H]1CCCC[C@@H]1c1nn[nH]n1,7400,intermediate
42,CHEMBL4167793,Cc1cccc2c1CCN(C(=O)[C@@H]1CCCC[C@@H]1C(=O)O)[C@@H]2CN1C(=O)c2ccccc2C1=O,750,active
43,CHEMBL4174405,CC(=O)NCC(=O)N[C@@H](CCC(N)=O)C(=O)N[C@@H](CC(C)C)C(=O)N[C@@H](CC(=O)O)C(=O)N1CCC[C@H]1C(=O)N[C@@H](CCC(=O)O)C(=O)N[C@H](C(=O)NCC(=O)N[C@@H](CCC(=O)O)C(=O)N[C@@H](Cc1ccccc1)C(=O)N[C@@H](CC(C)C)C(=O)O)[C@@H](C)O,63.15,active
44,CHEMBL4169002,CC(C)C[C@@H]1NC(=O)[C@H](Cc2ccccc2)NC(=O)[C@H](CCC(=O)O)NC(=O)CNC(=O)[C@H]([C@@H](C)O)NC(=O)[C@H](CCC(=O)O)NC(=O)[C@@H]2CCCN2C(=O)[C@H](CC(=O)O)NC(=O)[C@H](CC(C)C)NC(=O)[C@H](CCC(N)=O)NC(=O)CNC1=O,18.31,active
45,CHEMBL4175603,CCCC[C@@H]1CCCN1C(=O)c1cccc(-c2cccc(-n3ncc(C(=O)O)c3C3CC3)c2)c1,10,active
46,CHEMBL3899754,Cc1cc(C)c(C)c(S(=O)(=O)Nc2ccc(N3CC[C@H](C(=O)O)C3)c3ccccc23)c1C,140,active
47,CHEMBL4587621,CC(=O)Nc1ccc(S(=O)(=O)N(CC(=O)O)c2ccc(N3CCC[C@H]3C(=O)O)c3ccccc23)cc1,2770,intermediate
48,CHEMBL4474076,Cc1cc(C)c(S(=O)(=O)N(CC(=O)O)c2ccc(N3CCC[C@H]3C(=O)O)c3ccccc23)c(C)c1,15920,inactive
49,CHEMBL4471657,Cc1ccc(S(=O)(=O)N(CC(=O)O)c2ccc(N3CCC[C@H]3C(=O)O)c3ccccc23)cc1,7010,intermediate
50,CHEMBL4457780,COc1ccc(S(=O)(=O)Nc2ccc(N3CCC[C@@H]3C(=O)O)c3ccccc23)cc1,50000,inactive
51,CHEMBL4518400,COc1ccc(S(=O)(=O)N(CC(=O)O)c2ccc(N3CCC[C@@H]3C(=O)O)c3ccccc23)cc1,14790,inactive
52,CHEMBL4461055,COc1ccc(S(=O)(=O)Nc2ccc(N3CCC[C@H]3C(=O)O)c3ccccc23)cc1,18400,inactive
53,CHEMBL4588743,COc1ccc(S(=O)(=O)N(CC(=O)O)c2ccc(N3CCC[C@H]3C(=O)O)c3ccccc23)cc1,43,active
54,CHEMBL4455435,COc1ccc(S(=O)(=O)Nc2ccc(N[C@@H](Cc3c[nH]c4ccccc34)C(=O)O)c3ccccc23)cc1,50000,inactive
55,CHEMBL4462141,COc1ccc(S(=O)(=O)N(CC(=O)O)c2ccc(N[C@@H](Cc3c[nH]c4ccccc34)C(=O)O)c3ccccc23)cc1,590,active
56,CHEMBL4465581,COc1ccc(S(=O)(=O)Nc2ccc(N[C@@H](Cc3ccc(O)cc3)C(=O)O)c3ccccc23)cc1,50000,inactive
57,CHEMBL4450491,COc1ccc(S(=O)(=O)N(CC(=O)O)c2ccc(N[C@@H](Cc3ccc(O)cc3)C(=O)O)c3ccccc23)cc1,7260,intermediate
58,CHEMBL4438367,COc1ccc(S(=O)(=O)Nc2ccc(N[C@@H](Cc3ccccc3)C(=O)O)c3ccccc23)cc1,13760,inactive
59,CHEMBL4440603,COc1ccc(S(=O)(=O)N(CC(=O)O)c2ccc(N[C@@H](Cc3ccccc3)C(=O)O)c3ccccc23)cc1,300,active
60,CHEMBL4446724,COc1ccc(S(=O)(=O)Nc2ccc(N[C@@H](CCC(=O)O)C(=O)O)c3ccccc23)cc1,12370,inactive
61,CHEMBL4438752,COc1ccc(S(=O)(=O)N(CC(=O)O)c2ccc(N[C@@H](CCC(=O)O)C(=O)O)c3ccccc23)cc1,550,active
62,CHEMBL4439070,COc1ccc(S(=O)(=O)Nc2ccc(N[C@@H](CC(=O)O)C(=O)O)c3ccccc23)cc1,10100,inactive
63,CHEMBL4522423,COc1ccc(S(=O)(=O)N(CC(=O)O)c2ccc(N[C@@H](CC(=O)O)C(=O)O)c3ccccc23)cc1,450,active
64,CHEMBL4562295,COc1ccc(S(=O)(=O)Nc2ccc(N[C@@H](CO)C(=O)O)c3ccccc23)cc1,50000,inactive
65,CHEMBL4552364,COc1ccc(S(=O)(=O)N(CC(=O)O)c2ccc(N[C@@H](CO)C(=O)O)c3ccccc23)cc1,50000,inactive
66,CHEMBL4515546,COc1ccc(S(=O)(=O)Nc2ccc(N[C@H](C(=O)O)[C@@H](C)OC(C)(C)C)c3ccccc23)cc1,4250,intermediate
67,CHEMBL4441181,COc1ccc(S(=O)(=O)N(CC(=O)O)c2ccc(N[C@H](C(=O)O)[C@@H](C)OC(C)(C)C)c3ccccc23)cc1,1300,intermediate
68,CHEMBL4454849,COc1ccc(S(=O)(=O)Nc2ccc(N[C@@H](COC(C)(C)C)C(=O)O)c3ccccc23)cc1,33280,inactive
69,CHEMBL4590033,COc1ccc(S(=O)(=O)N(CC(=O)O)c2ccc(N[C@@H](COC(C)(C)C)C(=O)O)c3ccccc23)cc1,1130,intermediate
70,CHEMBL4470508,COc1ccc(S(=O)(=O)Nc2ccc(N[C@H](C(=O)O)C(C)(C)C)c3ccccc23)cc1,50000,inactive
71,CHEMBL4466277,COc1ccc(S(=O)(=O)N(CC(=O)O)c2ccc(N[C@H](C(=O)O)C(C)(C)C)c3ccccc23)cc1,11010,inactive
72,CHEMBL4462357,COc1ccc(S(=O)(=O)Nc2ccc(N[C@@H](CCS(C)(=O)=O)C(=O)O)c3ccccc23)cc1,50000,inactive
73,CHEMBL4535811,COc1ccc(S(=O)(=O)N(CC(=O)O)c2ccc(N[C@@H](CCS(C)(=O)=O)C(=O)O)c3ccccc23)cc1,1060,intermediate
74,CHEMBL4564764,COc1ccc(S(=O)(=O)Nc2ccc(N[C@@H](CCSC)C(=O)O)c3ccccc23)cc1,1590,intermediate
75,CHEMBL4457575,COc1ccc(S(=O)(=O)N(CC(=O)O)c2ccc(N[C@@H](CCSC)C(=O)O)c3ccccc23)cc1,1320,intermediate
76,CHEMBL4561918,COc1ccc(S(=O)(=O)Nc2ccc(N[C@@H](CC(C)C)C(=O)O)c3ccccc23)cc1,50000,inactive
77,CHEMBL4573058,COc1ccc(S(=O)(=O)N(CC(=O)O)c2ccc(N[C@@H](CC(C)C)C(=O)O)c3ccccc23)cc1,33900,inactive
78,CHEMBL4529979,CC[C@H](C)[C@H](Nc1ccc(NS(=O)(=O)c2ccc(OC)cc2)c2ccccc12)C(=O)O,27740,inactive
79,CHEMBL4445846,CC[C@H](C)[C@H](Nc1ccc(N(CC(=O)O)S(=O)(=O)c2ccc(OC)cc2)c2ccccc12)C(=O)O,1490,intermediate
80,CHEMBL4469680,COc1ccc(S(=O)(=O)Nc2ccc(N[C@H](C(=O)O)C(C)C)c3ccccc23)cc1,50000,inactive
81,CHEMBL4527377,COc1ccc(S(=O)(=O)N(CC(=O)O)c2ccc(N[C@H](C(=O)O)C(C)C)c3ccccc23)cc1,4280,intermediate
82,CHEMBL4514275,COc1ccc(S(=O)(=O)Nc2ccc(N[C@@H](C)C(=O)O)c3ccccc23)cc1,50000,inactive
83,CHEMBL4576001,COc1ccc(S(=O)(=O)N(CC(=O)O)c2ccc(N[C@@H](C)C(=O)O)c3ccccc23)cc1,3290,intermediate
84,CHEMBL3235901,CC(C)c1ccc(S(=O)(=O)Nc2cc(Sc3nc[nH]n3)c(O)c3ccccc23)cc1,100000,inactive
85,CHEMBL4440989,CCCCC1CCCN1C(=O)[C@@H]1CCC[C@H](c2cccc(-n3ncc(C(=O)O)c3C3CC3)c2)C1,63,active
86,CHEMBL3819587,COc1cc([C@@H](CC(=O)O)c2ccc(C)c(CN3C[C@@H](C)Oc4ccccc4S3(=O)=O)c2)cc2nnn(C)c12,8,active
87,CHEMBL4443801,O=C(O)CC(c1ccc(Cl)cc1)c1cccc(O)c1,1000000,inactive
88,CHEMBL4588168,Cn1ccc(C(CC(=O)O)c2ccc(Cl)cc2)cc1=O,260000,inactive
89,CHEMBL4572418,Cn1nnc2cc([C@H](CC(=O)O)c3ccc(Cl)cc3)ccc21,170000,inactive
90,CHEMBL4436743,Cn1nnc2cc([C@@H](CC(=O)O)c3ccc(Cl)cc3)ccc21,47000,inactive
91,CHEMBL4461044,O=C(O)CC(c1ccc(Cl)cc1)c1ccn2cnnc2c1,330000,inactive
92,CHEMBL4552527,Cc1cc(C(CC(=O)O)c2ccc3c(c2)nnn3C)ccc1Cl,44000,inactive
93,CHEMBL4528658,Cn1nnc2cc(C(CC(=O)O)c3ccc(Cl)c(CO)c3)ccc21,140000,inactive
94,CHEMBL4570791,CN(Cc1cc(C(CC(=O)O)c2ccc3c(c2)nnn3C)ccc1Cl)S(=O)(=O)c1cccnc1,580,active
95,CHEMBL4542179,Cc1c(S(=O)(=O)N(C)Cc2cc(C(CC(=O)O)c3ccc4c(c3)nnn4C)ccc2Cl)cnn1C,320,active
96,CHEMBL4452805,CN(Cc1cc(C(CC(=O)O)c2ccc3c(c2)nnn3C)ccc1Cl)S(=O)(=O)C1CCCCC1,2400,intermediate
97,CHEMBL4473977,Cc1ccc(C(CC(=O)O)c2ccc3c(c2)nnn3C)cc1CN(C)S(=O)(=O)c1ccccc1,130,active
98,CHEMBL4554007,COc1cc(C(CC(=O)O)c2ccc(C)c(CN(C)S(=O)(=O)c3ccccc3)c2)cc2nnn(C)c12,69,active
99,CHEMBL4464511,COc1cc(C(CC(=O)O)c2ccc(C)c(CN3CCOc4ccccc4S3(=O)=O)c2)cc2nnn(C)c12,47,active
100,CHEMBL4540327,COc1cc(C(CC(=O)O)c2ccc(C)c(CN3CCN(C)c4ccccc4S3(=O)=O)c2)cc2nnn(C)c12,37,active
101,CHEMBL4567490,COc1cc(C(CC(=O)O)c2ccc(C)c(CN3C(C)COc4ccccc4S3(=O)=O)c2)cc2nnn(C)c12,260,active
102,CHEMBL4447060,COc1cc(C(CC(=O)O)c2ccc(C)c(CN3CC(C)Oc4ccccc4S3(=O)=O)c2)cc2nnn(C)c12,20,active
103,CHEMBL4454051,COc1cc(C(CC(=O)O)c2cccc(CN3CC(C)Oc4ccccc4S3(=O)=O)c2)cc2nnn(C)c12,180,active
104,CHEMBL4450921,COc1cc(C(CC(=O)O)c2ccc(C)c(CN3C[C@@H](C)Oc4ccccc4S3(=O)=O)c2)cc2nnn(C)c12,10,active
105,CHEMBL4457466,COc1cc(C(CC(=O)O)c2ccc(C)c(CN3C[C@H](C)Oc4ccccc4S3(=O)=O)c2)cc2nnn(C)c12,42,active
106,CHEMBL4578025,COc1cc([C@H](CC(=O)O)c2ccc(C)c(CN3C[C@@H](C)Oc4ccccc4S3(=O)=O)c2)cc2nnn(C)c12,24,active
107,CHEMBL4516372,C[C@@H](O)[C@H](NC(=O)[C@H](CCC(=O)O)NC(=O)C1CSCN1C(=O)[C@@H](N)CC(=O)O)C(=O)NCC(=O)N[C@@H](CCC(=O)O)C(=O)NC(CC1CCCCC1)C(=O)O,31,active
108,CHEMBL4545736,COc1ccc(S(=O)(=O)N(CC(=O)O)c2ccc(N(CC(=O)O)S(=O)(=O)c3ccc(NC(=O)CCCC(=O)NCCNC(=O)CCCC[C@@H]4SC[C@@H]5NC(=O)N[C@@H]54)cc3)c3ccccc23)cc1,74,active
109,CHEMBL4440393,COc1ccc(S(=O)(=O)N(CC(=O)O)c2ccc(N(CC(=O)O)S(=O)(=O)c3ccc(NC(=O)CCCC(=O)NCCN)cc3)c3ccccc23)cc1,30.7,active
110,CHEMBL4634320,COc1ccc(S(=O)(=O)Cc2ccc(NS(=O)(=O)c3ccc(OC)cc3)c3ccccc23)cc1,3000,intermediate
111,CHEMBL4634673,COc1ccc(S(=O)(=O)Cc2ccc(N(CC(=O)O)S(=O)(=O)c3ccc(OC)cc3)c3ccccc23)cc1,678,active
112,CHEMBL4635294,COc1ccc(CCc2ccc(N(CC(=O)O)S(=O)(=O)c3ccc(OC)cc3)c3ccccc23)cc1,1500,intermediate
113,CHEMBL4645572,COc1ccc(S(=O)(=O)N(CC(=O)O)c2ccc(/C=C/C(=O)O)c3ccccc23)cc1,13000,inactive
114,CHEMBL4649100,COc1ccc(S(=O)(=O)Nc2ccc(/C=C/C(=O)O)c3ccccc23)cc1,25000,inactive
115,CHEMBL4649151,COc1ccc(S(=O)(=O)N(CC(=O)O)c2ccc(CCC(=O)O)c3ccccc23)cc1,9300,intermediate
116,CHEMBL4647075,COc1ccc(S(=O)(=O)Nc2ccc(CCC(=O)O)c3ccccc23)cc1,25000,inactive
117,CHEMBL4639807,COc1ccc(S(=O)(=O)Cc2ccc(CS(=O)(=O)c3ccc(OC)cc3)c3ccccc23)cc1,25000,inactive
118,CHEMBL4641126,COc1ccc(S(=O)(=O)Cc2ccc(N(C(C)C(=O)O)S(=O)(=O)c3ccc(OC)cc3)c3ccccc23)cc1,189,active
119,CHEMBL4649087,COc1ccc(S(=O)(=O)Cc2ccc(N(C(C(=O)O)c3ccccc3)S(=O)(=O)c3ccc(OC)cc3)c3ccccc23)cc1,14000,inactive
120,CHEMBL4632368,COc1ccc(S(=O)(=O)Nc2ccc(N(C(C)C(=O)O)S(=O)(=O)c3ccc(OC)cc3)c3ccccc23)cc1,126,active
121,CHEMBL4632722,COc1ccc(S(=O)(=O)Cc2ccc(N([C@H](C)C(=O)O)S(=O)(=O)c3ccc(OC)cc3)c3ccccc23)cc1,151,active
122,CHEMBL4647946,COc1ccc(S(=O)(=O)Cc2ccc(N([C@@H](C)C(=O)O)S(=O)(=O)c3ccc(OC)cc3)c3ccccc23)cc1,241,active
123,CHEMBL4648717,NC(=O)[C@H]1CC[C@H]1C(=O)N1CCc2c(OCCO)cccc2[C@H]1CN1C(=O)c2ccccc2C1=O,2545,intermediate
124,CHEMBL4649380,O=C(O)[C@H]1CC[C@H]1C(=O)N1CCc2c(OCCO)cccc2[C@H]1CN1C(=O)c2ccccc2C1=O,3102,intermediate
125,CHEMBL4641843,NC(=O)[C@H]1CCCC[C@H]1C(=O)N1CCc2c(O)cccc2[C@H]1CN1C(=O)c2ccccc2C1=O,5539,intermediate
126,CHEMBL4645109,NC(=O)[C@H]1CC[C@H]1C(=O)N1CCc2c(O)cccc2[C@H]1CN1C(=O)c2ccccc2C1=O,1558,intermediate
127,CHEMBL4638389,O=C(O)[C@H]1CC[C@H]1C(=O)N1CCc2c(O)cccc2[C@H]1CN1C(=O)c2ccccc2C1=O,862,active
128,CHEMBL4648472,CC(=O)N[C@@H](CC(C)C)C(=O)N[C@@H](CC(=O)O)C(=O)N[C@@H](CCC(=O)O)C(=O)N[C@@H](CCC(=O)O)C(=O)N[C@H](C(=O)NCC(=O)N[C@@H](Cc1ccccc1)C(=O)N[C@@H](Cc1ccccc1)C(=O)N[C@@H](CC(C)C)C(N)=O)[C@@H](C)O,50000,inactive
129,CHEMBL4647979,CC(=O)N[C@@H](CC(C)C)C(=O)N[C@@H](CC(=O)O)C(=O)N[C@@H](CCC(=O)O)C(=O)N[C@@H](CCC(=O)O)C(=O)N[C@H](C(=O)NCC(=O)N[C@@H](Cc1cccc(C(N)=O)c1)C(=O)N[C@@H](Cc1ccccc1)C(=O)N[C@@H](CC(C)C)C(N)=O)[C@@H](C)O,5900,intermediate
130,CHEMBL4638535,CC(=O)N[C@@H](CC(C)C)C(=O)N[C@@H](CC(=O)O)C(=O)N[C@@H](CCC(=O)O)C(=O)N[C@@H](CCC(=O)O)C(=O)N[C@H](C(=O)NCC(=O)N[C@@H](CC1CCCC1)C(=O)N[C@@H](Cc1ccccc1)C(=O)N[C@@H](CC(C)C)C(N)=O)[C@@H](C)O,64000,inactive
131,CHEMBL4633579,CC(=O)N[C@@H](CC(C)C)C(=O)N[C@@H](CC(=O)O)C(=O)N[C@@H](CCC(=O)O)C(=O)N[C@@H](CCC(=O)O)C(=O)N[C@H](C(=O)NCC(=O)N[C@@H](CCCNC(=N)N)C(=O)N[C@@H](Cc1ccccc1)C(=O)N[C@@H](CC(C)C)C(N)=O)[C@@H](C)O,29000,inactive
132,CHEMBL4637259,CC(=O)N[C@@H](CC(C)C)C(=O)N[C@@H](CC(=O)O)C(=O)N[C@@H](CCC(=O)O)C(=O)N[C@@H](CCC(=O)O)C(=O)N[C@H](C(=O)NCC(=O)N[C@@H](CC1CC1)C(=O)N[C@@H](Cc1ccccc1)C(=O)N[C@@H](CC(C)C)C(N)=O)[C@@H](C)O,64000,inactive
133,CHEMBL4642135,CC(=O)N[C@@H](CC(C)C)C(=O)N[C@@H](CC(=O)O)C(=O)N[C@@H](CCC(=O)O)C(=O)N[C@@H](CCC(=O)O)C(=O)N[C@H](C(=O)NCC(=O)N[C@@H](CC1CCC1)C(=O)N[C@@H](Cc1ccccc1)C(=O)N[C@@H](CC(C)C)C(N)=O)[C@@H](C)O,2700,intermediate
134,CHEMBL4639381,O=C(O)[C@H]1CCCC[C@H]1C(=O)N1CCc2c(O)cccc2[C@H]1CN1C(=O)c2ccccc2C1=O,98,active
135,CHEMBL4639835,CC(C)(O)C#Cc1cccc2c1CCN(C(=O)[C@@H]1CCCC[C@@H]1C(=O)O)[C@@H]2CN1C(=O)c2ccccc2C1=O,4682,intermediate
136,CHEMBL4634711,O=C(O)[C@H]1CCCC[C@H]1C(=O)N1CCc2c(C#CCO)cccc2[C@H]1CN1C(=O)c2ccccc2C1=O,254,active
137,CHEMBL4635272,COCCOc1cccc2c1CCN(C(=O)[C@@H]1CCCC[C@@H]1C(=O)O)[C@@H]2CN1C(=O)c2ccccc2C1=O,5456,intermediate
138,CHEMBL4645065,O=C(O)[C@H]1CCCC[C@H]1C(=O)N1CCc2c(OCCCO)cccc2[C@H]1CN1C(=O)c2ccccc2C1=O,1275,intermediate
139,CHEMBL4636738,O=C(O)[C@H]1CCCC[C@H]1C(=O)N1CCc2c(OCCO)cccc2[C@H]1CN1C(=O)c2ccccc2C1=O,183,active
140,CHEMBL4642536,O=C(O)[C@H]1CCCC[C@H]1C(=O)N1CCc2cc(OCCO)ccc2[C@H]1CN1C(=O)c2ccccc2C1=O,1976,intermediate
141,CHEMBL3948237,CCOc1ccc(S(=O)(=O)Nc2cc(CC(C)=O)c(NS(=O)(=O)c3ccc(OCC)cc3)c3ccccc23)cc1,1500,intermediate
142,CHEMBL4166048,COc1ccc(S(=O)(=O)N(CC(=O)O)Cc2ccccc2CN(CC(=O)O)S(=O)(=O)c2ccc(OC)cc2)cc1,2300,intermediate
143,CHEMBL4640621,COc1ccc(S(=O)(=O)N(Cc2ccccc2CN([C@@H](C)C(=O)O)S(=O)(=O)c2ccc(OC)cc2)[C@@H](C)C(=O)O)cc1,150,active
144,CHEMBL4646358,COc1ccc(S(=O)(=O)N(Cc2ccccc2CN([C@H](C)C(=O)O)S(=O)(=O)c2ccc(OC)cc2)[C@H](C)C(=O)O)cc1,620,active
145,CHEMBL4645697,COc1ccc(S(=O)(=O)N(Cc2ccccc2CN(C(Cc2nnn[nH]2)C(=O)O)S(=O)(=O)c2ccc(OC)cc2)C(Cc2nnn[nH]2)C(=O)O)cc1,1170,intermediate
146,CHEMBL4634585,O=C(O)CN(Cc1ccccc1CN(CC(=O)O)S(=O)(=O)c1c(F)cccc1F)S(=O)(=O)c1c(F)cccc1F,1780,intermediate
147,CHEMBL4635873,O=C(O)CN(Cc1ccccc1CN(CC(=O)O)S(=O)(=O)c1ccc(OCc2ccccc2)cc1)S(=O)(=O)c1ccc(OCc2ccccc2)cc1,570,active
148,CHEMBL4637517,O=C(O)CN(Cc1ccccc1CN(CC(=O)O)S(=O)(=O)c1ccc2oc3ccccc3c2c1)S(=O)(=O)c1ccc2oc3ccccc3c2c1,420,active
149,CHEMBL4780553,COc1cccc(Nc2ccc(C)c(N(CC(=O)O)S(=O)(=O)c3c(C)cc(C)cc3C)c2)c1,102000,inactive
150,CHEMBL4751309,COc1cccc(Nc2cc(C)cc(N(CC(=O)O)S(=O)(=O)c3c(C)cc(C)cc3C)c2)c1,93300,inactive
151,CHEMBL4798370,COc1cccc(Nc2cc(N(CC(=O)O)S(=O)(=O)c3c(C)cc(C)cc3C)ccc2C)c1,95600,inactive
152,CHEMBL4787914,COc1cccc(Nc2cccc(N(CC(=O)O)S(=O)(=O)c3c(C)cc(C)cc3C)c2C)c1,30100,inactive
153,CHEMBL4763599,COc1cccc(Nc2cccc(N(CC(=O)O)S(=O)(=O)c3c(C)cc(C)cc3C)c2)c1,101000,inactive
154,CHEMBL4777809,COc1cccc(Nc2cccc(N(CC(=O)O)S(=O)(=O)c3c(C)cc(C)cc3C)c2C(F)(F)F)c1,500000,inactive
155,CHEMBL4752550,COc1cccc(Nc2cccc(N(CC(=O)O)S(=O)(=O)c3c(C)cc(C)cc3C)c2F)c1,80100,inactive
156,CHEMBL4792278,COc1cccc(Nc2cccc(N(CC(=O)O)S(=O)(=O)c3c(C)cc(C)cc3C)c2OC)c1,55300,inactive
157,CHEMBL4764744,COc1cccc(Nc2ccc(N(CC(=O)O)S(=O)(=O)c3c(C)cc(C)cc3C)cc2)c1,500000,inactive
158,CHEMBL4759783,COc1cccc(CN2CCc3c2cccc3N(CC(=O)O)S(=O)(=O)c2c(C)cc(C)cc2C)c1,16400,inactive
159,CHEMBL4744410,COc1ccc(CN2CCc3c2cccc3N(CC(=O)O)S(=O)(=O)c2c(C)cc(C)cc2C)cc1,98000,inactive
160,CHEMBL4745146,Cc1ccc(CN2CCc3c2cccc3N(CC(=O)O)S(=O)(=O)c2c(C)cc(C)cc2C)cc1,100000,inactive
161,CHEMBL4745722,Cc1cc(C)c(S(=O)(=O)N(CC(=O)O)c2cccc3c2CCN3Cc2ccc(C(F)(F)F)cc2)c(C)c1,100000,inactive
162,CHEMBL4795507,Cc1cc(C)c(S(=O)(=O)N(CC(=O)O)c2cccc3c2CCN3Cc2ccc(Br)cc2)c(C)c1,100000,inactive
163,CHEMBL4791847,Cc1cc(C)c(S(=O)(=O)N(CC(=O)O)c2cccc3c2CCN3Cc2ccc(Cl)cc2)c(C)c1,100000,inactive
164,CHEMBL4745243,COc1ccccc1CN1CCc2c1cccc2N(CC(=O)O)S(=O)(=O)c1c(C)cc(C)cc1C,100000,inactive
165,CHEMBL4747781,Cc1cc(C)c(S(=O)(=O)N(CC(=O)O)c2cccc3c2CCN3Cc2ccccc2)c(C)c1,42000,inactive
166,CHEMBL4764718,Cc1cccc(CN2CCc3c2cccc3N(CC(=O)O)S(=O)(=O)c2c(C)cc(C)cc2C)c1,100000,inactive
167,CHEMBL4758483,Cc1cc(C)c(S(=O)(=O)N(CC(=O)O)c2cccc3c2CCN3Cc2cccc(C(F)(F)F)c2)c(C)c1,100000,inactive
168,CHEMBL4777942,Cc1cc(C)c(S(=O)(=O)N(CC(=O)O)c2cccc3c2CCN3Cc2cccc(Br)c2)c(C)c1,100000,inactive
169,CHEMBL4777493,Cc1cc(C)c(S(=O)(=O)N(CC(=O)O)c2cccc3c2CCN3Cc2cccc(Cl)c2)c(C)c1,100000,inactive
170,CHEMBL4785655,Cc1cc(C)c(S(=O)(=O)N(CC(=O)O)c2cccc3c2CCN3Cc2cccc(C#N)c2)c(C)c1,24800,inactive
171,CHEMBL4745921,Cc1cc(C)c(S(=O)(=O)N(CC(=O)O)c2cccc3c2CCN3Cc2cccc(-c3ccccc3)c2)c(C)c1,100000,inactive
172,CHEMBL4787063,CCOc1cccc(CN2CCc3c2cccc3N(CC(=O)O)S(=O)(=O)c2c(C)cc(C)cc2C)c1,100000,inactive
173,CHEMBL4755032,Cc1cc(C)c(S(=O)(=O)N(CC(=O)O)c2cccc3c2CCN3Cc2cccc(OC(C)C)c2)c(C)c1,100000,inactive
174,CHEMBL4753443,Cc1cc(C)c(S(=O)(=O)N(CC(=O)O)c2cccc3c2CCN3Cc2cccc([N+](=O)[O-])c2)c(C)c1,27200,inactive
175,CHEMBL4754329,Cc1cc(C)cc(CN2CCc3c2cccc3N(CC(=O)O)S(=O)(=O)c2c(C)cc(C)cc2C)c1,22200,inactive
176,CHEMBL4762700,Cc1cc(C)c(S(=O)(=O)N(CC(=O)O)c2cccc3c2CCN3Cc2cccc(C)c2C)c(C)c1,98200,inactive
177,CHEMBL4746287,COc1cc(CN2CCc3c2cccc3N(CC(=O)O)S(=O)(=O)c2c(C)cc(C)cc2C)cc(OC)c1,100000,inactive
178,CHEMBL4776894,COc1cc(F)cc(CN2CCc3c2cccc3N(CC(=O)O)S(=O)(=O)c2c(C)cc(C)cc2C)c1,100000,inactive
179,CHEMBL4746336,COc1ccc(CN2CCc3c2cccc3N(CC(=O)O)S(=O)(=O)c2c(C)cc(C)cc2C)cc1OC,100000,inactive
180,CHEMBL4752969,COc1cc(Br)cc(CN2CCc3c2cccc3N(CC(=O)O)S(=O)(=O)c2c(C)cc(C)cc2C)c1,100000,inactive
181,CHEMBL4744371,COc1cc(C)cc(CN2CCc3c2cccc3N(CC(=O)O)S(=O)(=O)c2c(C)cc(C)cc2C)c1,100000,inactive
182,CHEMBL4760477,COc1cccc(C(C(=O)NS(=O)(=O)c2ccccc2)N2CCc3c2cccc3N(CC(=O)O)S(=O)(=O)c2c(C)cc(C)cc2C)c1,1820,intermediate
183,CHEMBL4797572,COc1cccc(C(C(=O)NS(C)(=O)=O)N2CCc3c2cccc3N(CC(=O)O)S(=O)(=O)c2c(C)cc(C)cc2C)c1,5720,intermediate
184,CHEMBL4741667,COc1cccc(C(C(=O)NS(=O)(=O)C(F)(F)F)N2CCc3c2cccc3N(CC(=O)O)S(=O)(=O)c2c(C)cc(C)cc2C)c1,4890,intermediate
185,CHEMBL4794829,COc1cccc(C(C(=O)NS(=O)(=O)c2cccnc2)N2CCc3c2cccc3N(CC(=O)O)S(=O)(=O)c2c(C)cc(C)cc2C)c1,10400,inactive
186,CHEMBL4758623,COc1cccc(C(C(=O)NS(=O)(=O)c2cccs2)N2CCc3c2cccc3N(CC(=O)O)S(=O)(=O)c2c(C)cc(C)cc2C)c1,5170,intermediate
187,CHEMBL4754244,COc1ccc(S(=O)(=O)NC(=O)C(c2cccc(OC)c2)N2CCc3c2cccc3N(CC(=O)O)S(=O)(=O)c2c(C)cc(C)cc2C)cc1,3390,intermediate
188,CHEMBL4754899,COc1cccc(C(C(=O)NS(=O)(=O)c2ccc(C)cc2)N2CCc3c2cccc3N(CC(=O)O)S(=O)(=O)c2c(C)cc(C)cc2C)c1,1390,intermediate
189,CHEMBL4741638,COc1cccc(C(C(=O)NS(=O)(=O)c2ccc(F)cc2)N2CCc3c2cccc3N(CC(=O)O)S(=O)(=O)c2c(C)cc(C)cc2C)c1,2860,intermediate
190,CHEMBL4780267,COc1cccc(C(C(=O)NS(=O)(=O)c2ccc(Cl)cc2)N2CCc3c2cccc3N(CC(=O)O)S(=O)(=O)c2c(C)cc(C)cc2C)c1,2920,intermediate
191,CHEMBL4761735,COc1cccc(C(C(=O)NS(=O)(=O)c2ccc(Br)cc2)N2CCc3c2cccc3N(CC(=O)O)S(=O)(=O)c2c(C)cc(C)cc2C)c1,2950,intermediate
192,CHEMBL4781353,COc1cccc(C(C(=O)NS(=O)(=O)c2ccc(C(F)(F)F)cc2)N2CCc3c2cccc3N(CC(=O)O)S(=O)(=O)c2c(C)cc(C)cc2C)c1,44500,inactive
193,CHEMBL4759422,COc1cccc(C(C(=O)NS(=O)(=O)c2ccccc2OC)N2CCc3c2cccc3N(CC(=O)O)S(=O)(=O)c2c(C)cc(C)cc2C)c1,1320,intermediate
194,CHEMBL4758667,COc1cccc(C(C(=O)NS(=O)(=O)c2ccccc2C)N2CCc3c2cccc3N(CC(=O)O)S(=O)(=O)c2c(C)cc(C)cc2C)c1,1790,intermediate
195,CHEMBL4747188,COc1cccc(C(C(=O)NS(=O)(=O)c2cccc(C)c2)N2CCc3c2cccc3N(CC(=O)O)S(=O)(=O)c2c(C)cc(C)cc2C)c1,3810,intermediate
196,CHEMBL4785954,CCOc1ccccc1S(=O)(=O)NC(=O)C(c1cccc(OC)c1)N1CCc2c1cccc2N(CC(=O)O)S(=O)(=O)c1c(C)cc(C)cc1C,2560,intermediate
197,CHEMBL4750510,CCc1ccccc1S(=O)(=O)NC(=O)C(c1cccc(OC)c1)N1CCc2c1cccc2N(CC(=O)O)S(=O)(=O)c1c(C)cc(C)cc1C,3580,intermediate
198,CHEMBL4741683,COc1cccc(C(C(=O)NS(=O)(=O)c2ccccc2F)N2CCc3c2cccc3N(CC(=O)O)S(=O)(=O)c2c(C)cc(C)cc2C)c1,12000,inactive
199,CHEMBL4785492,COc1cccc(C(C(=O)NS(=O)(=O)c2ccccc2Cl)N2CCc3c2cccc3N(CC(=O)O)S(=O)(=O)c2c(C)cc(C)cc2C)c1,2760,intermediate
200,CHEMBL4779462,COc1cccc(C(C(=O)NS(=O)(=O)c2ccccc2Br)N2CCc3c2cccc3N(CC(=O)O)S(=O)(=O)c2c(C)cc(C)cc2C)c1,2340,intermediate
201,CHEMBL4754660,COc1cccc(C(C(=O)NS(=O)(=O)c2ccccc2C(F)(F)F)N2CCc3c2cccc3N(CC(=O)O)S(=O)(=O)c2c(C)cc(C)cc2C)c1,16700,inactive
202,CHEMBL4785029,COc1cccc(C(C(=O)NS(=O)(=O)c2ccccc2OC(F)(F)F)N2CCc3c2cccc3N(CC(=O)O)S(=O)(=O)c2c(C)cc(C)cc2C)c1,9690,intermediate
203,CHEMBL4753829,COc1cccc(C(C(=O)NS(=O)(=O)c2ccc(C)cc2C)N2CCc3c2cccc3N(CC(=O)O)S(=O)(=O)c2c(C)cc(C)cc2C)c1,2650,intermediate
204,CHEMBL4764494,COc1cccc(C(C(=O)NS(=O)(=O)c2ccc(C)cc2OC)N2CCc3c2cccc3N(CC(=O)O)S(=O)(=O)c2c(C)cc(C)cc2C)c1,230,active
205,CHEMBL4758373,COc1cccc(C(C(=O)NS(=O)(=O)c2ccc(OC)cc2OC)N2CCc3c2cccc3N(CC(=O)O)S(=O)(=O)c2c(C)cc(C)cc2C)c1,640,active
206,CHEMBL4798429,COc1cccc(C(C(=O)NS(=O)(=O)c2cc(C)cc(C)c2)N2CCc3c2cccc3N(CC(=O)O)S(=O)(=O)c2c(C)cc(C)cc2C)c1,6750,intermediate
207,CHEMBL4748843,COc1cccc(C(C(=O)NS(=O)(=O)c2cccc3ccccc23)N2CCc3c2cccc3N(CC(=O)O)S(=O)(=O)c2c(C)cc(C)cc2C)c1,1810,intermediate
208,CHEMBL4744304,COc1cccc(C(C(=O)NS(=O)(=O)c2ccc(C)cc2OC)N2CCc3c2cccc3N(CC(=O)NS(=O)(=O)c2ccccc2)S(=O)(=O)c2c(C)cc(C)cc2C)c1,58,active
209,CHEMBL4750621,COc1ccc(S(=O)(=O)N(CC(=O)NS(=O)(=O)c2ccccc2)c2cccc3c2CCN3C(C(=O)NS(=O)(=O)c2ccc(C)cc2OC)c2cccc(OC)c2)cc1,64,active
210,CHEMBL4746187,COc1cccc(C(C(=O)NS(=O)(=O)c2ccc(C)cc2OC)N2CCc3c2cccc3N(CC(=O)NS(=O)(=O)c2ccccc2)S(=O)(=O)c2ccc(C)cc2)c1,110,active
211,CHEMBL4764588,COc1cccc(C(C(=O)NS(=O)(=O)c2ccc(C)cc2OC)N2CCc3c2cccc3N(CC(=O)NS(=O)(=O)c2ccccc2)S(=O)(=O)c2ccc(F)cc2)c1,580,active
212,CHEMBL4752539,COc1cccc(C(C(=O)NS(=O)(=O)c2ccc(C)cc2OC)N2CCc3c2cccc3N(CC(=O)NS(=O)(=O)c2ccccc2)S(=O)(=O)c2ccc(NC(C)=O)cc2)c1,230,active
213,CHEMBL4793592,COc1cccc(C(C(=O)NS(=O)(=O)c2ccc(C)cc2OC)N2CCc3c2cccc3N(CC(=O)NS(=O)(=O)c2ccccc2)S(=O)(=O)c2ccccc2OC)c1,160,active
214,CHEMBL4797348,COc1cccc(C(C(=O)NS(=O)(=O)c2ccc(C)cc2OC)N2CCc3c2cccc3N(CC(=O)NS(=O)(=O)c2ccccc2)S(=O)(=O)c2cccc(OC)c2)c1,150,active
215,CHEMBL4748294,COc1cccc(C(C(=O)NS(=O)(=O)c2ccc(C)cc2OC)N2CCc3c2cccc3N(CC(=O)NS(=O)(=O)c2ccccc2)S(=O)(=O)c2ccccc2)c1,240,active
216,CHEMBL4747622,COc1ccc(S(=O)(=O)N(CC(=O)NS(=O)(=O)C2CC2)c2cccc3c2CCN3C(C(=O)NS(=O)(=O)c2ccc(C)cc2OC)c2cccc(OC)c2)cc1,610,active
217,CHEMBL4789377,COc1ccc(S(=O)(=O)N(CC(=O)NS(C)(=O)=O)c2cccc3c2CCN3C(C(=O)NS(=O)(=O)c2ccc(C)cc2OC)c2cccc(OC)c2)cc1,1740,intermediate
218,CHEMBL4755721,COc1ccc(S(=O)(=O)N(CC(=O)NS(=O)(=O)C(F)(F)F)c2cccc3c2CCN3C(C(=O)NS(=O)(=O)c2ccc(C)cc2OC)c2cccc(OC)c2)cc1,15100,inactive
219,CHEMBL4780799,COc1ccc(S(=O)(=O)N(CC(=O)NS(=O)(=O)c2cccnc2)c2cccc3c2CCN3C(C(=O)NS(=O)(=O)c2ccc(C)cc2OC)c2cccc(OC)c2)cc1,770,active
220,CHEMBL4761524,COc1ccc(S(=O)(=O)N(CC(=O)NS(=O)(=O)c2cccs2)c2cccc3c2CCN3C(C(=O)NS(=O)(=O)c2ccc(C)cc2OC)c2cccc(OC)c2)cc1,5160,intermediate
221,CHEMBL4739983,COc1ccc(S(=O)(=O)NC(=O)CN(c2cccc3c2CCN3C(C(=O)NS(=O)(=O)c2ccc(C)cc2OC)c2cccc(OC)c2)S(=O)(=O)c2ccc(OC)cc2)cc1,22,active
222,CHEMBL4762197,COc1ccc(S(=O)(=O)N(CC(=O)NS(=O)(=O)c2ccc(C)cc2)c2cccc3c2CCN3C(C(=O)NS(=O)(=O)c2ccc(C)cc2OC)c2cccc(OC)c2)cc1,120,active
223,CHEMBL4763416,COc1ccc(S(=O)(=O)N(CC(=O)NS(=O)(=O)c2ccc(F)cc2)c2cccc3c2CCN3C(C(=O)NS(=O)(=O)c2ccc(C)cc2OC)c2cccc(OC)c2)cc1,130,active
224,CHEMBL4789691,COc1ccc(S(=O)(=O)N(CC(=O)NS(=O)(=O)c2ccc(C(F)(F)F)cc2)c2cccc3c2CCN3C(C(=O)NS(=O)(=O)c2ccc(C)cc2OC)c2cccc(OC)c2)cc1,400,active
225,CHEMBL4794097,CCc1ccc(S(=O)(=O)NC(=O)CN(c2cccc3c2CCN3C(C(=O)NS(=O)(=O)c2ccc(C)cc2OC)c2cccc(OC)c2)S(=O)(=O)c2ccc(OC)cc2)cc1,190,active
226,CHEMBL4756384,COc1ccc(S(=O)(=O)N(CC(=O)NS(=O)(=O)c2ccc(O)cc2)c2cccc3c2CCN3C(C(=O)NS(=O)(=O)c2ccc(C)cc2OC)c2cccc(OC)c2)cc1,510,active
227,CHEMBL4757197,CCOc1ccc(S(=O)(=O)NC(=O)CN(c2cccc3c2CCN3C(C(=O)NS(=O)(=O)c2ccc(C)cc2OC)c2cccc(OC)c2)S(=O)(=O)c2ccc(OC)cc2)cc1,48,active
228,CHEMBL4795182,COc1ccc(S(=O)(=O)N(CC(=O)NS(=O)(=O)c2ccccc2OC)c2cccc3c2CCN3C(C(=O)NS(=O)(=O)c2ccc(C)cc2OC)c2cccc(OC)c2)cc1,100000,inactive
229,CHEMBL4743455,COc1ccc(S(=O)(=O)N(CC(=O)NS(=O)(=O)c2cccc(OC)c2)c2cccc3c2CCN3C(C(=O)NS(=O)(=O)c2ccc(C)cc2OC)c2cccc(OC)c2)cc1,100000,inactive
230,CHEMBL3632709,COc1ccc(S(=O)(=O)N(C)c2ccc(N(C)S(=O)(=O)c3ccc(OC)cc3)c3ccccc23)cc1,2300,intermediate
231,CHEMBL3601212,CC(=O)Nc1ccc(S(=O)(=O)N(CC(=O)O)c2ccc(N(CC(=O)O)S(=O)(=O)c3ccc(NC(C)=O)cc3)c3ccccc23)cc1,14.4,active
232,CHEMBL4544116,CC(=O)Nc1ccc(S(=O)(=O)N(Cc2nn[nH]n2)c2ccc(N(Cc3nn[nH]n3)S(=O)(=O)c3ccc(NC(C)=O)cc3)c3ccccc23)cc1,15.8,active
233,CHEMBL4174651,COc1ccc(S(=O)(=O)N(CC(=O)O)c2cnc(N(CC(=O)O)S(=O)(=O)c3ccc(OC)cc3)c3ccccc23)cc1,60,active
234,CHEMBL4646536,COc1ccc(S(=O)(=O)N(CC(F)(F)F)c2cnc(N(CC(=O)O)S(=O)(=O)c3ccc(OC)cc3)c3ccccc23)cc1,73,active
235,CHEMBL4755442,COc1cc([C@@H](CC(=O)O)c2ccc(C)c(CN3CC[C@@H](C)Oc4ccccc4S3(=O)=O)c2)cc2c1nnn2C,15,active
236,CHEMBL4791229,Cc1cc(C)c(S(=O)(=O)N(CC(=O)O)c2ccccc2C)c(C)c1,450000,inactive
237,CHEMBL4743454,COc1cccc(N2CCc3c2cccc3N(CC(=O)O)S(=O)(=O)c2c(C)cc(C)cc2C)c1,14400,inactive
238,CHEMBL4764024,COc1cccc(N2CCc3c2cccc3N(CC(=O)O)S(=O)(=O)c2ccc([N+](=O)[O-])cc2)c1,100000,inactive
239,CHEMBL4743526,COc1ccc(S(=O)(=O)N(CC(=O)O)c2cccc3c2CCN3c2cccc(OC)c2)cc1,100000,inactive
240,CHEMBL4790573,COc1cccc(N2CCc3c2cccc3N(CC(=O)O)S(=O)(=O)c2ccc(C)cc2)c1,100000,inactive
241,CHEMBL4746098,COc1cccc(N2CCc3c2cccc3N(CC(=O)O)S(=O)(=O)c2ccc(NC(C)=O)cc2)c1,100000,inactive
242,CHEMBL4791553,COc1cccc(N2CCc3c2cccc3N(CC(=O)O)S(=O)(=O)c2ccc(F)cc2)c1,100000,inactive
243,CHEMBL4794557,COc1cccc(-n2ccc3c(N(CC(=O)O)S(=O)(=O)c4c(C)cc(C)cc4C)cccc32)c1,101000,inactive
244,CHEMBL4755382,COc1cccc(N2CCCc3c2cccc3N(CC(=O)O)S(=O)(=O)c2c(C)cc(C)cc2C)c1,43100,inactive
245,CHEMBL4795196,COc1cccc(C(=O)N2CCc3c2cccc3N(CC(=O)O)S(=O)(=O)c2c(C)cc(C)cc2C)c1,100000,inactive
246,CHEMBL4749382,COc1cccc(S(=O)(=O)N2CCc3c2cccc3N(CC(=O)O)S(=O)(=O)c2c(C)cc(C)cc2C)c1,15400,inactive
247,CHEMBL4759687,COc1cccc(C(C(=O)O)N2CCc3c2cccc3N(CC(=O)O)S(=O)(=O)c2c(C)cc(C)cc2C)c1,2370,intermediate
248,CHEMBL4750670,CC(=O)N[C@@H](CC(C)C)C(=O)N[C@@H](CC(=O)O)C(=O)N[C@@H](CCC(N)=O)C(=O)N[C@@H](CCC(=O)O)C(=O)N[C@H](C(=O)NCC(=O)N[C@@H](CCC(=O)O)C(=O)N[C@@H](Cc1ccccc1)C(=O)N[C@@H](CC(C)C)C(N)=O)[C@@H](C)O,166,active
249,CHEMBL4752720,CC(=O)N[C@@H](CC(C)C)C(=O)N[C@@H](CC(=O)O)C(=O)N[C@@H](CO)C(=O)N[C@@H](CCC(=O)O)C(=O)N[C@H](C(=O)NCC(=O)N[C@@H](CCC(=O)O)C(=O)N[C@@H](Cc1ccccc1)C(=O)N[C@@H](CC(C)C)C(N)=O)[C@@H](C)O,280,active
250,CHEMBL4796106,CC(=O)N[C@@H](CC(C)C)C(=O)N[C@@H](CC(=O)O)C(=O)N[C@@H](CCO)C(=O)N[C@@H](CCC(=O)O)C(=O)N[C@H](C(=O)NCC(=O)N[C@@H](CCC(=O)O)C(=O)N[C@@H](Cc1ccccc1)C(=O)N[C@@H](CC(C)C)C(N)=O)[C@@H](C)O,91,active
251,CHEMBL4787250,CC(=O)N[C@@H](CC(C)C)C(=O)N[C@@H](CC(=O)O)C(=O)N[C@@H](CCCCN)C(=O)N[C@@H](CCC(=O)O)C(=O)N[C@H](C(=O)NCC(=O)N[C@@H](CCC(=O)O)C(=O)N[C@@H](Cc1ccccc1)C(=O)N[C@@H](CC(C)C)C(N)=O)[C@@H](C)O,115,active
252,CHEMBL4776337,CC(=O)N[C@@H](CC(C)C)C(=O)N[C@@H](CC(=O)O)C(=O)N[C@@H](C)C(=O)N[C@@H](CCC(=O)O)C(=O)N[C@H](C(=O)NCC(=O)N[C@@H](CCC(=O)O)C(=O)N[C@@H](Cc1ccccc1)C(=O)N[C@@H](CC(C)C)C(N)=O)[C@@H](C)O,70,active
253,CHEMBL4750619,CC(=O)N[C@@H](CC(C)C)C(=O)N[C@@H](CC(=O)O)C(=O)N[C@H](C(=O)N[C@@H](CCC(=O)O)C(=O)N[C@H](C(=O)NCC(=O)N[C@@H](CCC(=O)O)C(=O)N[C@@H](Cc1ccccc1)C(=O)N[C@@H](CC(C)C)C(N)=O)[C@@H](C)O)C(C)C,55,active
254,CHEMBL4746924,CC(=O)N[C@@H](CC(C)C)C(=O)N[C@@H](CC(=O)O)C(=O)N1CCC[C@H]1C(=O)N[C@@H](CCC(=O)O)C(=O)N[C@H](C(=O)NCC(=O)N[C@@H](CCC(=O)O)C(=O)N[C@@H](Cc1ccccc1)C(=O)N[C@@H](CC(C)C)C(N)=O)[C@@H](C)O,19,active
255,CHEMBL4754176,CC(=O)N[C@@H](CC(C)C)C(=O)N[C@@H](CC(=O)O)C(=O)N1C[C@H](F)C[C@H]1C(=O)N[C@@H](CCC(=O)O)C(=O)N[C@H](C(=O)NCC(=O)N[C@@H](CCC(=O)O)C(=O)N[C@@H](Cc1ccccc1)C(=O)N[C@@H](CC(C)C)C(N)=O)[C@@H](C)O,13,active
256,CHEMBL4762897,CC(=O)N[C@@H](CC(C)C)C(=O)N[C@@H](CC(=O)O)C(=O)N1CSC[C@H]1C(=O)N[C@@H](CCC(=O)O)C(=O)N[C@H](C(=O)NCC(=O)N[C@@H](CCC(=O)O)C(=O)N[C@@H](Cc1ccccc1)C(=O)N[C@@H](CC(C)C)C(N)=O)[C@@H](C)O,10,active
257,CHEMBL4752638,CC(=O)N[C@@H](CC(C)C)C(=O)N[C@@H](CC(=O)O)C(=O)N[C@@H](CCC(=O)O)C(=O)N[C@@H](CCC(N)=O)C(=O)N[C@H](C(=O)NCC(=O)N[C@@H](CCC(=O)O)C(=O)N[C@@H](Cc1ccccc1)C(=O)N[C@@H](CC(C)C)C(N)=O)[C@@H](C)O,64000,inactive
258,CHEMBL4758792,CC(=O)N[C@@H](CC(C)C)C(=O)N[C@@H](CC(=O)O)C(=O)N[C@@H](CCC(=O)O)C(=O)N[C@@H](Cc1ccc(O)cc1)C(=O)N[C@H](C(=O)NCC(=O)N[C@@H](CCC(=O)O)C(=O)N[C@@H](Cc1ccccc1)C(=O)N[C@@H](CC(C)C)C(N)=O)[C@@H](C)O,50000,inactive
259,CHEMBL4754410,CC(=O)N[C@@H](CC(C)C)C(=O)N[C@@H](CC(=O)O)C(=O)N[C@@H](CCC(=O)O)C(=O)N[C@@H](CCO)C(=O)N[C@H](C(=O)NCC(=O)N[C@@H](CCC(=O)O)C(=O)N[C@@H](Cc1ccccc1)C(=O)N[C@@H](CC(C)C)C(N)=O)[C@@H](C)O,27432,inactive
260,CHEMBL4784094,CC(=O)N[C@@H](CC(C)C)C(=O)N[C@@H](CC(=O)O)C(=O)N[C@@H](CCC(=O)O)C(=O)N[C@@H](Cc1ccc(O)c(O)c1)C(=O)N[C@H](C(=O)NCC(=O)N[C@@H](CCC(=O)O)C(=O)N[C@@H](Cc1ccccc1)C(=O)N[C@@H](CC(C)C)C(N)=O)[C@@H](C)O,30347,inactive
261,CHEMBL4748429,COc1ccc(C[C@H](NC(=O)[C@H](CCC(=O)O)NC(=O)[C@H](CC(=O)O)NC(=O)[C@H](CC(C)C)NC(C)=O)C(=O)N[C@H](C(=O)NCC(=O)N[C@@H](CCC(=O)O)C(=O)N[C@@H](Cc2ccccc2)C(=O)N[C@@H](CC(C)C)C(N)=O)[C@@H](C)O)cc1OC,27052,inactive
262,CHEMBL4794840,CC(=O)N[C@@H](CC(C)C)C(=O)N[C@@H](CC(=O)O)C(=O)N[C@@H](CCC(=O)O)C(=O)N[C@@H](Cc1ccncc1)C(=O)N[C@H](C(=O)NCC(=O)N[C@@H](CCC(=O)O)C(=O)N[C@@H](Cc1ccccc1)C(=O)N[C@@H](CC(C)C)C(N)=O)[C@@H](C)O,18310,inactive
263,CHEMBL4783243,CC(=O)N[C@@H](CC(C)C)C(=O)N[C@@H](CC(=O)O)C(=O)N[C@@H](CCC(=O)O)C(=O)N[C@@H](Cc1c[nH]c2ccc(O)cc12)C(=O)N[C@H](C(=O)NCC(=O)N[C@@H](CCC(=O)O)C(=O)N[C@@H](Cc1ccccc1)C(=O)N[C@@H](CC(C)C)C(N)=O)[C@@H](C)O,29569,inactive
264,CHEMBL4782442,CC(=O)N[C@@H](CC(C)C)C(=O)N[C@@H](CC(=O)O)C(=O)N[C@@H](CCC(=O)O)C(=O)N[C@@H](CCc1ccccc1)C(=O)N[C@H](C(=O)NCC(=O)N[C@@H](CCC(=O)O)C(=O)N[C@@H](Cc1ccccc1)C(=O)N[C@@H](CC(C)C)C(N)=O)[C@@H](C)O,64000,inactive
265,CHEMBL4791221,CC(=O)N[C@@H](CC(C)C)C(=O)N[C@@H](CC(=O)O)C(=O)N[C@@H](CCC(=O)O)C(=O)N[C@@H](Cc1ccc2ccccc2c1)C(=O)N[C@H](C(=O)NCC(=O)N[C@@H](CCC(=O)O)C(=O)N[C@@H](Cc1ccccc1)C(=O)N[C@@H](CC(C)C)C(N)=O)[C@@H](C)O,28346,inactive
266,CHEMBL4779152,CC(=O)N[C@@H](CC(C)C)C(=O)N[C@@H](CC(=O)O)C(=O)N[C@@H](CCC(=O)O)C(=O)N[C@@H](Cc1ccc(C(=O)c2ccccc2)cc1)C(=O)N[C@H](C(=O)NCC(=O)N[C@@H](CCC(=O)O)C(=O)N[C@@H](Cc1ccccc1)C(=O)N[C@@H](CC(C)C)C(N)=O)[C@@H](C)O,4571,intermediate
267,CHEMBL4747777,CC(=O)N[C@@H](CC(C)C)C(=O)N[C@@H](CC(=O)O)C(=O)N1C[C@@H](F)C[C@H]1C(=O)N[C@@H](CCC(=O)O)C(=O)N[C@@H](CO)C(=O)NCC(=O)N[C@@H](CCC(=O)O)C(=O)N[C@@H](Cc1ccccc1)C(=O)N[C@@H](CC(C)C)C(N)=O,207,active
268,CHEMBL4763685,CC[C@H](NC(=O)[C@H](CCC(=O)O)NC(=O)[C@@H]1C[C@H](F)CN1C(=O)[C@H](CC(=O)O)NC(=O)[C@H](CC(C)C)NC(C)=O)C(=O)NCC(=O)N[C@@H](CCC(=O)O)C(=O)N[C@@H](Cc1ccccc1)C(=O)N[C@@H](CC(C)C)C(N)=O,33180,inactive
269,CHEMBL4749322,CC(=O)N[C@@H](CC(C)C)C(=O)N[C@@H](CC(=O)O)C(=O)N1C[C@@H](F)C[C@H]1C(=O)N[C@@H](CCC(=O)O)C(=O)N[C@H](C(=O)NCC(=O)N[C@@H](CCC(=O)O)C(=O)N[C@@H](Cc1ccccc1)C(=O)N[C@@H](CC(C)C)C(N)=O)C(C)(C)O,192,active
270,CHEMBL4794380,CC[C@H](O)[C@H](NC(=O)[C@H](CCC(=O)O)NC(=O)[C@@H]1C[C@H](F)CN1C(=O)[C@H](CC(=O)O)NC(=O)[C@H](CC(C)C)NC(C)=O)C(=O)NCC(=O)N[C@@H](CCC(=O)O)C(=O)N[C@@H](Cc1ccccc1)C(=O)N[C@@H](CC(C)C)C(N)=O,1765,intermediate
271,CHEMBL4750676,CC(=O)N[C@@H](CC(C)C)C(=O)N[C@@H](CC(=O)O)C(=O)N1C[C@@H](F)C[C@H]1C(=O)N[C@@H](CCC(=O)O)C(=O)N[C@@H](Cc1ccccc1)C(=O)NCC(=O)N[C@@H](CCC(=O)O)C(=O)N[C@@H](Cc1ccccc1)C(=O)N[C@@H](CC(C)C)C(N)=O,64000,inactive
272,CHEMBL4760593,CC(=O)N[C@@H](CC(C)C)C(=O)N[C@@H](CC(=O)O)C(=O)N1C[C@@H](F)C[C@H]1C(=O)N[C@@H](CCC(=O)O)C(=O)N[C@H](C(=O)NCC(=O)N[C@@H](CCC(=O)O)C(=O)N[C@@H](Cc1ccccc1)C(=O)N[C@@H](CC(C)C)C(N)=O)C(O)c1ccccc1,14483,inactive
273,CHEMBL4786176,CC(=O)N[C@@H](CC(C)C)C(=O)N[C@@H](CC(=O)O)C(=O)N1C[C@@H](F)C[C@H]1C(=O)NCC(=O)N[C@H](C(=O)NCC(=O)N[C@@H](CCC(=O)O)C(=O)N[C@@H](Cc1ccccc1)C(=O)N[C@@H](CC(C)C)C(N)=O)[C@@H](C)O,15784,inactive
274,CHEMBL4752836,CC(=O)N[C@@H](CC(C)C)C(=O)N[C@@H](CC(=O)O)C(=O)N1C[C@@H](F)C[C@H]1C(=O)NCC(=O)N[C@H](C(=O)NCC(=O)N[C@@H](CCC(=O)O)C(=O)N[C@@H](Cc1ccccc1)C(=O)N[C@@H](CC(C)C)C(N)=O)[C@H](O)c1ccccc1,6076,intermediate
275,CHEMBL4757885,CC(=O)N[C@@H](CC(C)C)C(=O)N[C@@H](CC(=O)O)C(=O)N[C@@H](CCC(=O)O)C(=O)N[C@@H](CCC(=O)O)C(=O)N[C@H](C(=O)NCC(=O)N[C@@H](CCC(N)=O)C(=O)N[C@@H](Cc1ccccc1)C(=O)N[C@@H](CC(C)C)C(N)=O)[C@@H](C)O,21669,inactive
276,CHEMBL4790743,CC(=O)N[C@@H](CC(C)C)C(=O)N[C@@H](CC(=O)O)C(=O)N[C@@H](CCC(=O)O)C(=O)N[C@@H](CCC(=O)O)C(=O)N[C@H](C(=O)NCC(=O)N[C@@H](Cc1ccc(O)cc1)C(=O)N[C@@H](Cc1ccccc1)C(=O)N[C@@H](CC(C)C)C(N)=O)[C@@H](C)O,37272,inactive
277,CHEMBL4747374,CC(=O)N[C@@H](CC(C)C)C(=O)N[C@@H](CC(=O)O)C(=O)N[C@@H](CCC(=O)O)C(=O)N[C@@H](CCC(=O)O)C(=O)N[C@H](C(=O)NCC(=O)N[C@@H](CCO)C(=O)N[C@@H](Cc1ccccc1)C(=O)N[C@@H](CC(C)C)C(N)=O)[C@@H](C)O,50000,inactive
278,CHEMBL4762715,CC(=O)N[C@@H](CC(C)C)C(=O)N[C@@H](CC(=O)O)C(=O)N[C@@H](CCC(=O)O)C(=O)N[C@@H](CCC(=O)O)C(=O)N[C@H](C(=O)NCC(=O)N[C@@H](CCCCCO)C(=O)N[C@@H](Cc1ccccc1)C(=O)N[C@@H](CC(C)C)C(N)=O)[C@@H](C)O,56423,inactive
279,CHEMBL4781185,CC(=O)N[C@@H](CC(C)C)C(=O)N[C@@H](CC(=O)O)C(=O)N[C@@H](CCC(=O)O)C(=O)N[C@@H](CCC(=O)O)C(=O)N[C@H](C(=O)NCC(=O)N[C@@H](Cc1ccc(C(N)=O)cc1)C(=O)N[C@@H](Cc1ccccc1)C(=O)N[C@@H](CC(C)C)C(N)=O)[C@@H](C)O,64000,inactive
280,CHEMBL4746072,CC(=O)N[C@@H](CC(C)C)C(=O)N[C@@H](CC(=O)O)C(=O)N[C@@H](CCC(=O)O)C(=O)N[C@@H](CCC(=O)O)C(=O)N[C@H](C(=O)NCC(=O)N[C@@H](Cc1cccc(F)c1)C(=O)N[C@@H](Cc1ccccc1)C(=O)N[C@@H](CC(C)C)C(N)=O)[C@@H](C)O,6245,intermediate
281,CHEMBL4779325,CC(=O)N[C@@H](CC(C)C)C(=O)N[C@@H](CC(=O)O)C(=O)N1C[C@@H](F)C[C@H]1C(=O)N[C@@H](CCC(=O)O)C(=O)N[C@H](C(=O)NCC(=O)N[C@H](C(=O)N[C@@H](Cc1ccccc1)C(=O)N[C@@H](CC(C)C)C(N)=O)c1ccccc1)[C@@H](C)O,6062,intermediate
282,CHEMBL4777748,CC(=O)N[C@@H](CC(C)C)C(=O)N[C@@H](CC(=O)O)C(=O)N1C[C@@H](F)C[C@H]1C(=O)N[C@@H](CCC(=O)O)C(=O)N[C@H](C(=O)NCC(=O)N[C@H](C(=O)N[C@@H](Cc1ccccc1)C(=O)N[C@@H](CC(C)C)C(N)=O)c1cc(F)cc(F)c1)[C@@H](C)O,1037,intermediate
283,CHEMBL4778030,C[C@@H](O)[C@@H]1NC(=O)[C@H](CCC(=O)O)NC(=O)[C@@H]2C[C@H](F)CN2C(=O)[C@H](CC(=O)O)NC(=O)CNC(=O)[C@H](CCC(=O)O)NC(=O)CNC1=O,486,active
284,CHEMBL4742010,CC(=O)NCC(=O)N[C@@H](CC(=O)O)C(=O)N1C[C@@H](F)C[C@H]1C(=O)N[C@@H](CCC(=O)O)C(=O)N[C@H](C(=O)NCC(=O)N[C@@H](CCC(=O)O)C(N)=O)[C@@H](C)O,1594,intermediate
285,CHEMBL4797908,C[C@H]1NC(=O)[C@H]([C@@H](C)O)NC(=O)[C@H](CCC(=O)O)NC(=O)[C@@H]2C[C@H](F)CN2C(=O)[C@H](CC(=O)O)NC(=O)CNC(=O)[C@H](CCC(=O)O)NC1=O,14501,inactive
286,CHEMBL4793306,C[C@@H](O)[C@@H]1NC(=O)[C@H](CCC(=O)O)NC(=O)[C@@H]2C[C@H](F)CN2C(=O)[C@H](CC(=O)O)C(=O)[C@H]2CCCN2C(=O)[C@H](CCC(=O)O)NC(=O)CNC1=O,4302,intermediate
287,CHEMBL4757211,C[C@@H](O)[C@@H]1NC(=O)[C@H](CCC(=O)O)NC(=O)[C@@H]2C[C@H](F)CN2C(=O)[C@H](CC(=O)O)C(=O)[C@@H]2CCCN2C(=O)[C@H](CCC(=O)O)NC(=O)CNC1=O,18383,inactive
288,CHEMBL4760005,CC(=O)N[C@H]1CSSC[C@@H](C(N)=O)NC(=O)[C@H](CCC(=O)O)NC(=O)CNC(=O)[C@H]([C@@H](C)O)NC(=O)[C@H](CCC(=O)O)NC(=O)[C@@H]2C[C@H](F)CN2C(=O)[C@H](CC(=O)O)NC1=O,55,active
289,CHEMBL4786657,CC(=O)N[C@H]1CC(=O)NC[C@@H](C(N)=O)NC(=O)[C@H](CCC(=O)O)NC(=O)CNC(=O)[C@H]([C@@H](C)O)NC(=O)[C@H](CCC(=O)O)NC(=O)[C@@H]2C[C@H](F)CN2C(=O)[C@H](CC(=O)O)NC1=O,1691,intermediate
290,CHEMBL4760303,CC(=O)N[C@H]1CCC(=O)NC[C@@H](C(N)=O)NC(=O)[C@H](CCC(=O)O)NC(=O)CNC(=O)[C@H]([C@@H](C)O)NC(=O)[C@H](CCC(=O)O)NC(=O)[C@@H]2C[C@H](F)CN2C(=O)[C@H](CC(=O)O)NC1=O,11,active
291,CHEMBL4785587,CC(=O)N[C@H]1CCC(=O)NCC[C@@H](C(N)=O)NC(=O)[C@H](CCC(=O)O)NC(=O)CNC(=O)[C@H]([C@@H](C)O)NC(=O)[C@H](CCC(=O)O)NC(=O)[C@@H]2C[C@H](F)CN2C(=O)[C@H](CC(=O)O)NC1=O,44,active
292,CHEMBL4754751,CC(=O)N[C@H]1CCCCn2cc(nn2)C[C@@H](C(N)=O)NC(=O)[C@H](CCC(=O)O)NC(=O)CNC(=O)[C@H]([C@@H](C)O)NC(=O)[C@H](CCC(=O)O)NC(=O)[C@@H]2C[C@H](F)CN2C(=O)[C@H](CC(=O)O)NC1=O,34,active
293,CHEMBL4778658,CC(=O)N[C@H]1Cc2cn(nn2)CCCC[C@@H](C(N)=O)NC(=O)[C@H](CCC(=O)O)NC(=O)CNC(=O)[C@H]([C@@H](C)O)NC(=O)[C@H](CCC(=O)O)NC(=O)[C@@H]2C[C@H](F)CN2C(=O)[C@H](CC(=O)O)NC1=O,91,active
294,CHEMBL4762247,CC(=O)N[C@H]1Cn2cc(nn2)C[C@@H](C(N)=O)NC(=O)[C@H](CCC(=O)O)NC(=O)CNC(=O)[C@H]([C@@H](C)O)NC(=O)[C@H](CCC(=O)O)NC(=O)[C@@H]2C[C@H](F)CN2C(=O)[C@H](CC(=O)O)NC1=O,4032,intermediate
295,CHEMBL4794133,CC(=O)N[C@H]1CCn2cc(nn2)C[C@@H](C(N)=O)NC(=O)[C@H](CCC(=O)O)NC(=O)CNC(=O)[C@H]([C@@H](C)O)NC(=O)[C@H](CCC(=O)O)NC(=O)[C@@H]2C[C@H](F)CN2C(=O)[C@H](CC(=O)O)NC1=O,16,active
296,CHEMBL4793109,C[C@@H](O)[C@@H]1NC(=O)[C@H](CCC(=O)O)NC(=O)[C@@H]2C[C@H](F)CN2C(=O)[C@H](CC(=O)O)NC(=O)CCCn2cc(nn2)CCNC(=O)[C@H](CCC(=O)O)NC(=O)CNC1=O,180,active
297,CHEMBL4743599,CC(=O)N[C@H]1C/C=C/C[C@@H](C(N)=O)NC(=O)[C@H](CCC(=O)O)NC(=O)CNC(=O)[C@H]([C@@H](C)O)NC(=O)[C@H](CCC(=O)O)NC(=O)[C@@H]2C[C@H](F)CN2C(=O)[C@H](CC(=O)O)NC1=O,430,active
298,CHEMBL4759189,CC(=O)N[C@H]1CCCC[C@@H](C(N)=O)NC(=O)[C@H](CCC(=O)O)NC(=O)CNC(=O)[C@H]([C@@H](C)O)NC(=O)[C@H](CCC(=O)O)NC(=O)[C@@H]2C[C@H](F)CN2C(=O)[C@H](CC(=O)O)NC1=O,107.3,active
299,CHEMBL4756985,CC[C@H](C)[C@H](NC(=O)[C@H](CC(C)C)NC(=O)[C@@H]1CCCN1)C(=O)N[C@@H](CC(C)C)C(=O)N[C@@H](CC(C)C)C(=O)N[C@@H](CCCNC(=N)N)C(=O)N[C@@H](CC(C)C)C(=O)N[C@@H](CC(C)C)C(=O)N[C@@H](CCCNC(=N)N)C(=O)NCC(=O)N[C@@H](CCC(N)=O)C(=O)N[C@@H](Cc1ccccc1)C(=O)N[C@@H](CC(C)C)C(=O)N[C@@H](CC(=O)O)C(=O)N1C[C@@H](F)C[C@H]1C(=O)N[C@@H](CCC(=O)O)C(=O)N[C@H](C(=O)NCC(=O)N[C@@H](Cc1cc(F)cc(F)c1)C(=O)N[C@@H](Cc1ccccc1)C(=O)N[C@@H](CC(C)C)C(N)=O)[C@@H](C)O,55,active
300,CHEMBL4792032,CC(C)C[C@H](NC(=O)[C@H](Cc1ccccc1)NC(=O)[C@H](Cc1cc(F)cc(F)c1)NC(=O)CNC(=O)[C@@H](NC(=O)[C@H](CCC(=O)O)NC(=O)[C@@H]1C[C@H](F)CN1C(=O)[C@H](CC(=O)O)NC(=O)[C@H](CC(C)C)NC(=O)CNC(=O)[C@@H](NC(=O)[C@@H]1CCCN1C(=O)[C@H](CCCNC(=N)N)NC(=O)[C@H](CC(C)C)NC(=O)[C@H](CS)NC(=O)[C@@H](N)CC(C)C)C(C)C)[C@@H](C)O)C(N)=O,11,active
301,CHEMBL4750320,CC[C@H](C)[C@H](NC(=O)[C@H](CCCCN)NC(=O)[C@@H](NC(=O)[C@H](CCC(N)=O)NC(=O)[C@@H](N)CCCNC(=N)N)[C@@H](C)CC)C(=O)N[C@@H](Cc1c[nH]c2ccccc12)C(=O)N[C@@H](Cc1ccccc1)C(=O)N[C@@H](CCC(N)=O)C(=O)N[C@@H](CC(N)=O)C(=O)N[C@@H](CCCNC(=N)N)C(=O)N[C@@H](CCCNC(=N)N)C(=O)N[C@@H](CCSC)C(=O)N[C@@H](CCCCN)C(=O)N[C@@H](Cc1c[nH]c2ccccc12)C(=O)N[C@@H](CCCCN)C(=O)N[C@@H](CCCCN)C(=O)N[C@@H](CC(C)C)C(=O)N[C@@H](CC(=O)O)C(=O)N1C[C@@H](F)C[C@H]1C(=O)N[C@@H](CCC(=O)O)C(=O)N[C@H](C(=O)NCC(=O)N[C@@H](Cc1cc(F)cc(F)c1)C(=O)N[C@@H](Cc1ccccc1)C(=O)N[C@@H](CC(C)C)C(N)=O)[C@@H](C)O,30,active
302,CHEMBL4751630,CC(C)C[C@H](NC(=O)[C@H](Cc1ccccc1)NC(=O)[C@H](Cc1cc(F)cc(F)c1)NC(=O)CNC(=O)[C@@H](NC(=O)[C@H](CCC(=O)O)NC(=O)[C@@H]1C[C@H](F)CN1C(=O)[C@H](CC(=O)O)NC(=O)[C@H](CC(C)C)NC(=O)[C@H](CCCNC(=N)N)NC(=O)[C@H](CCCNC(=N)N)NC(=O)[C@H](CCCNC(=N)N)NC(=O)[C@H](CCC(N)=O)NC(=O)[C@H](CCCNC(=N)N)NC(=O)[C@H](CCCNC(=N)N)NC(=O)[C@H](CCCCN)NC(=O)[C@H](CCCCN)NC(=O)[C@H](CCCNC(=N)N)NC(=O)CNC(=O)[C@@H](N)Cc1ccc(O)cc1)[C@@H](C)O)C(N)=O,20,active
303,CHEMBL4788462,CC(C)C[C@H](NC(=O)[C@H](Cc1ccccc1)NC(=O)[C@H](Cc1cc(F)cc(F)c1)NC(=O)CNC(=O)[C@@H](NC(=O)[C@H](CCC(=O)O)NC(=O)[C@@H]1C[C@H](F)CN1C(=O)[C@H](CC(=O)O)NC(=O)[C@H](CC(C)C)NC(=O)[C@H](CCCNC(=N)N)NC(=O)[C@H](CCCNC(=N)N)NC(=O)[C@H](CCCNC(=N)N)NC(=O)[C@H](CCCNC(=N)N)NC(=O)[C@H](CCCNC(=N)N)NC(=O)[C@H](CCCNC(=N)N)NC(=O)[C@H](CCCNC(=N)N)NC(=O)[C@H](CCCNC(=N)N)NC(=O)[C@@H](N)CCCNC(=N)N)[C@@H](C)O)C(N)=O,24,active
304,CHEMBL4748504,CC[C@H](C)[C@H](NC(=O)[C@H](CO)NC(=O)[C@H](C)NC(=O)[C@@H](N)CCSC)C(=O)N[C@@H](Cc1c[nH]c2ccccc12)C(=O)N[C@H](C(=O)NCC(=O)N[C@@H](Cc1c[nH]cn1)C(=O)N[C@@H](CCCNC(=N)N)C(=O)NCC(=O)N[C@@H](CC(C)C)C(=O)N[C@@H](CC(=O)O)C(=O)N1C[C@@H](F)C[C@H]1C(=O)N[C@@H](CCC(=O)O)C(=O)N[C@H](C(=O)NCC(=O)N[C@@H](Cc1cc(F)cc(F)c1)C(=O)N[C@@H](Cc1ccccc1)C(=O)N[C@@H](CC(C)C)C(N)=O)[C@@H](C)O)C(C)C,101,active
305,CHEMBL4756743,CC[C@H](C)[C@H](NC(=O)[C@H](CC(C)C)NC(=O)N1CCC[C@H]1C(N)=O)C(=O)N[C@@H](CC(C)C)C(=O)N[C@@H](CC(C)C)C(=O)N[C@@H](CCCNC(=N)N)C(=O)N[C@@H](CC(C)C)C(=O)N[C@@H](CC(C)C)C(=O)N[C@@H](CCCNC(=N)N)C(=O)NCC(=O)N[C@@H](CCC(N)=O)C(=O)N[C@@H](Cc1ccccc1)C(=O)N[C@H]1CCC(=O)NC[C@@H](C(N)=O)NC(=O)[C@H](CCC(=O)O)NC(=O)CNC(=O)[C@H]([C@@H](C)O)NC(=O)[C@H](CCC(=O)O)NC(=O)[C@@H]2C[C@H](F)CN2C(=O)[C@H](CC(=O)O)NC1=O,7.5,active
306,CHEMBL4790062,CC(C)C[C@H](NC(=O)[C@H](CS)NC(=O)[C@@H](N)CC(C)C)C(=O)N[C@@H](CCCNC(=N)N)C(=O)N1CCC[C@H]1C(=O)N[C@H](C(=O)NCC(=O)N[C@H]1CCC(=O)NC[C@@H](C(N)=O)NC(=O)[C@H](CCC(=O)O)NC(=O)CNC(=O)[C@H]([C@@H](C)O)NC(=O)[C@H](CCC(=O)O)NC(=O)[C@@H]2C[C@H](F)CN2C(=O)[C@H](CC(=O)O)NC1=O)C(C)C,4.8,active
307,CHEMBL4781886,CC[C@H](C)[C@H](NC(=O)[C@H](CCCCN)NC(=O)[C@@H](NC(=O)[C@H](CCC(N)=O)NC(=O)[C@@H](N)CCCNC(=N)N)[C@@H](C)CC)C(=O)N[C@@H](Cc1c[nH]c2ccccc12)C(=O)N[C@@H](Cc1ccccc1)C(=O)N[C@@H](CCC(N)=O)C(=O)N[C@@H](CC(N)=O)C(=O)N[C@@H](CCCNC(=N)N)C(=O)N[C@@H](CCCNC(=N)N)C(=O)N[C@@H](CCSC)C(=O)N[C@@H](CCCCN)C(=O)N[C@@H](Cc1c[nH]c2ccccc12)C(=O)N[C@@H](CCCCN)C(=O)N[C@@H](CCCCN)C(=O)N[C@H]1CCC(=O)NC[C@@H](C(N)=O)NC(=O)[C@H](CCC(=O)O)NC(=O)CNC(=O)[C@H]([C@@H](C)O)NC(=O)[C@H](CCC(=O)O)NC(=O)[C@@H]2C[C@H](F)CN2C(=O)[C@H](CC(=O)O)NC1=O,4.8,active
308,CHEMBL4791554,C[C@@H](O)[C@@H]1NC(=O)[C@H](CCC(=O)O)NC(=O)[C@@H]2C[C@H](F)CN2C(=O)[C@H](CC(=O)O)NC(=O)[C@@H](NC(=O)[C@H](CCCNC(=N)N)NC(=O)[C@H](CCCNC(=N)N)NC(=O)[C@H](CCCNC(=N)N)NC(=O)[C@H](CCC(N)=O)NC(=O)[C@H](CCCNC(=N)N)NC(=O)[C@H](CCCNC(=N)N)NC(=O)[C@H](CCCCN)NC(=O)[C@H](CCCCN)NC(=O)[C@H](CCCNC(=N)N)NC(=O)CNC(=O)[C@@H](N)Cc2ccc(O)cc2)CCC(=O)NC[C@@H](C(N)=O)NC(=O)[C@H](CCC(=O)O)NC(=O)CNC1=O,3.1,active
309,CHEMBL4764193,C[C@@H](O)[C@@H]1NC(=O)[C@H](CCC(=O)O)NC(=O)[C@@H]2C[C@H](F)CN2C(=O)[C@H](CC(=O)O)NC(=O)[C@@H](NC(=O)[C@H](CCCNC(=N)N)NC(=O)[C@H](CCCNC(=N)N)NC(=O)[C@H](CCCNC(=N)N)NC(=O)[C@H](CCCNC(=N)N)NC(=O)[C@H](CCCNC(=N)N)NC(=O)[C@H](CCCNC(=N)N)NC(=O)[C@H](CCCNC(=N)N)NC(=O)[C@H](CCCNC(=N)N)NC(=O)[C@@H](N)CCCNC(=N)N)CCC(=O)NC[C@@H](C(N)=O)NC(=O)[C@H](CCC(=O)O)NC(=O)CNC1=O,3.4,active
310,CHEMBL4785277,CC[C@H](C)[C@H](NC(=O)[C@H](CO)NC(=O)[C@H](C)NC(=O)[C@@H](N)CCSC)C(=O)N[C@@H](Cc1c[nH]c2ccccc12)C(=O)N[C@H](C(=O)NCC(=O)N[C@@H](Cc1c[nH]cn1)C(=O)N[C@@H](CCCNC(=N)N)C(=O)NCC(=O)N[C@H]1CCC(=O)NC[C@@H](C(N)=O)NC(=O)[C@H](CCC(=O)O)NC(=O)CNC(=O)[C@H]([C@@H](C)O)NC(=O)[C@H](CCC(=O)O)NC(=O)[C@@H]2C[C@H](F)CN2C(=O)[C@H](CC(=O)O)NC1=O)C(C)C,26,active
311,CHEMBL4755277,CC[C@H](C)[C@H](NC(=O)[C@H](CC(C)C)N1CCC[C@H]1C(N)=O)C(=O)N[C@@H](CC(C)C)C(=O)N[C@@H](CC(C)C)C(=O)N[C@@H](CCCNC(=N)N)C(=O)N[C@@H](CC(C)C)C(=O)N[C@@H](CC(C)C)C(=O)N[C@@H](CCCNC(=N)N)C(=O)NCC(=O)N[C@@H](CCC(N)=O)C(=O)N[C@@H](Cc1ccccc1)C(=O)N[C@H]1CCn2cc(nn2)C[C@@H](C(N)=O)NC(=O)[C@H](CCC(=O)O)NC(=O)CNC(=O)[C@H]([C@@H](C)O)NC(=O)[C@H](CCC(=O)O)NC(=O)[C@@H]2C[C@H](F)CN2C(=O)[C@H](CC(=O)O)NC1=O,4.7,active
312,CHEMBL4788971,CC(C)C[C@H](NC(=O)[C@H](CS)NC(=O)[C@@H](N)CC(C)C)C(=O)N[C@@H](CCCNC(=N)N)C(=O)N1CCC[C@H]1C(=O)N[C@H](C(=O)NCC(=O)N[C@H]1CCn2cc(nn2)C[C@@H](C(N)=O)NC(=O)[C@H](CCC(=O)O)NC(=O)CNC(=O)[C@H]([C@@H](C)O)NC(=O)[C@H](CCC(=O)O)NC(=O)[C@@H]2C[C@H](F)CN2C(=O)[C@H](CC(=O)O)NC1=O)C(C)C,3.6,active
313,CHEMBL4747827,CC[C@H](C)[C@H](NC(=O)[C@H](CCCCN)NC(=O)[C@@H](NC(=O)[C@H](CCC(N)=O)NC(=O)[C@@H](N)CCCNC(=N)N)[C@@H](C)CC)C(=O)N[C@@H](Cc1c[nH]c2ccccc12)C(=O)N[C@@H](Cc1ccccc1)C(=O)N[C@@H](CCC(N)=O)C(=O)N[C@@H](CC(N)=O)C(=O)N[C@@H](CCCNC(=N)N)C(=O)N[C@@H](CCCNC(=N)N)C(=O)N[C@@H](CCSC)C(=O)N[C@@H](CCCCN)C(=O)N[C@@H](Cc1c[nH]c2ccccc12)C(=O)N[C@@H](CCCCN)C(=O)N[C@@H](CCCCN)C(=O)N[C@H]1CCn2cc(nn2)C[C@@H](C(N)=O)NC(=O)[C@H](CCC(=O)O)NC(=O)CNC(=O)[C@H]([C@@H](C)O)NC(=O)[C@H](CCC(=O)O)NC(=O)[C@@H]2C[C@H](F)CN2C(=O)[C@H](CC(=O)O)NC1=O,4.2,active
314,CHEMBL4747964,C[C@@H](O)[C@@H]1NC(=O)[C@H](CCC(=O)O)NC(=O)[C@@H]2C[C@H](F)CN2C(=O)[C@H](CC(=O)O)NC(=O)[C@@H](NC(=O)[C@H](CCCNC(=N)N)NC(=O)[C@H](CCCNC(=N)N)NC(=O)[C@H](CCCNC(=N)N)NC(=O)[C@H](CCC(N)=O)NC(=O)[C@H](CCCNC(=N)N)NC(=O)[C@H](CCCNC(=N)N)NC(=O)[C@H](CCCCN)NC(=O)[C@H](CCCCN)NC(=O)[C@H](CCCNC(=N)N)NC(=O)CNC(=O)[C@@H](N)Cc2ccc(O)cc2)CCn2cc(nn2)C[C@@H](C(N)=O)NC(=O)[C@H](CCC(=O)O)NC(=O)CNC1=O,3,active
315,CHEMBL4740349,C[C@@H](O)[C@@H]1NC(=O)[C@H](CCC(=O)O)NC(=O)[C@@H]2C[C@H](F)CN2C(=O)[C@H](CC(=O)O)NC(=O)[C@@H](NC(=O)[C@H](CCCNC(=N)N)NC(=O)[C@H](CCCNC(=N)N)NC(=O)[C@H](CCCNC(=N)N)NC(=O)[C@H](CCCNC(=N)N)NC(=O)[C@H](CCCNC(=N)N)NC(=O)[C@H](CCCNC(=N)N)NC(=O)[C@H](CCCNC(=N)N)NC(=O)[C@H](CCCNC(=N)N)NC(=O)[C@@H](N)CCCNC(=N)N)CCn2cc(nn2)C[C@@H](C(N)=O)NC(=O)[C@H](CCC(=O)O)NC(=O)CNC1=O,7.4,active
316,CHEMBL4740544,CC[C@H](C)[C@H](NC(=O)[C@H](CO)NC(=O)[C@H](C)NC(=O)[C@@H](N)CCSC)C(=O)N[C@@H](Cc1c[nH]c2ccccc12)C(=O)N[C@H](C(=O)NCC(=O)N[C@@H](Cc1c[nH]cn1)C(=O)N[C@@H](CCCNC(=N)N)C(=O)NCC(=O)N[C@H]1CCn2cc(nn2)C[C@@H](C(N)=O)NC(=O)[C@H](CCC(=O)O)NC(=O)CNC(=O)[C@H]([C@@H](C)O)NC(=O)[C@H](CCC(=O)O)NC(=O)[C@@H]2C[C@H](F)CN2C(=O)[C@H](CC(=O)O)NC1=O)C(C)C,17,active
317,CHEMBL5176959,C[C@@H](O)[C@@H]1NC(=O)[C@H](CCC(=O)O)NC(=O)[C@H](CO)NC(=O)[C@H](CC(=O)O)NC(=O)[C@@H](N)Cc2ccc(cc2)OCCSC[C@@H](C(=O)O)NC(=O)[C@H](CCC(=O)O)NC(=O)CNC1=O,2.8,active
